Quotation_ID,Date,Client,Project,Item,Unit,Quantity,Cement_Bags,Sand_CFT,Aggregate_CFT,Steel_Kg,Bricks_Nos,Water_Cost,Equipment_Cost,Labour_Cost,Electrical_Cost,Material_Cost,Transport,Safety,GST,Profit,Total
QTN-00001,2026-07-18,SPPS Construction,Project 64,Waterproofing,Nos,346,1,753,744,1177,7971,2313,17311,69275,18317,304326,8184.58,4092.29,75871.06,49737.69,547114.62
QTN-00002,2026-03-19,ABC Builders,Project 100,Painting,Nos,414,503,266,120,4711,9160,2639,8084,70392,18410,691274,15763.2,7881.6,146124.86,95792.97,1053722.63
QTN-00003,2026-08-06,Green Homes,Project 64,Plastering,Nos,278,30,46,453,774,7831,893,42277,27444,18883,193131,5634.7,2817.35,52233.67,34242.07,376662.79
QTN-00004,2026-12-12,Skyline,Project 83,Brickwork,Nos,95,302,576,892,2338,3713,4057,17742,63076,59,498131,11580.16,5790.08,107348.08,70372.63,774098.96
QTN-00005,2026-04-28,Skyline,Project 93,Earthwork,Nos,318,528,554,249,41,307,387,22483,25556,12438,317718,7563.9,3781.95,70117.35,45965.82,505624.02
QTN-00006,2026-11-13,Skyline,Project 70,RCC,Nos,260,233,316,511,2726,4479,1547,28667,49799,13622,433279,10507.34,5253.67,97403.04,63853.11,702384.16
QTN-00007,2026-08-19,ABC Builders,Project 79,Plastering,Nos,347,537,42,242,1890,6759,4470,28300,24255,3320,474342,10604.34,5302.17,98302.23,64442.57,708868.32
QTN-00008,2026-02-09,Skyline,Project 73,RCC,Nos,108,416,360,658,1458,3726,180,26985,80494,13963,434298,11114.8,5557.4,103034.2,67544.64,742991.04
QTN-00009,2026-07-02,XYZ Infra,Project 56,Plastering,Nos,272,87,603,786,1247,5782,3679,39578,45455,10660,325170,8417.26,4208.63,78028,51151.69,562668.58
QTN-00010,2026-08-16,Skyline,Project 48,Brickwork,Nos,288,503,725,651,3539,4206,4420,22236,33246,18056,665963,14790.02,7395.01,137103.49,89878.95,988668.47
QTN-00011,2026-02-18,XYZ Infra,Project 25,Plastering,Nos,205,30,194,754,3754,4253,3559,5782,33742,15520,438633,9873.54,4936.77,91527.72,60001.5,660016.53
QTN-00012,2026-08-05,XYZ Infra,Project 99,Waterproofing,Nos,420,557,729,328,1633,5325,855,6334,55534,18605,514260,11894.66,5947.33,110263.5,72283.85,795122.34
QTN-00013,2026-09-08,ABC Builders,Project 87,Brickwork,Nos,106,216,598,103,1610,6404,694,41520,7951,2762,330076,7646.18,3823.09,70880.09,46465.84,511124.19
QTN-00014,2026-09-05,ABC Builders,Project 29,Brickwork,Nos,36,551,678,389,996,810,3099,43531,13715,6149,433149,9930.88,4965.44,92059.26,60349.96,663849.54
QTN-00015,2026-01-26,SPPS Construction,Project 35,Flooring,Nos,146,140,682,72,3623,6243,2002,28625,18795,1722,449871,9980.26,4990.13,92517.01,60650.04,667150.44
QTN-00016,2026-01-21,XYZ Infra,Project 30,Flooring,Nos,160,592,204,241,4879,5004,1129,14089,98521,11468,718726,16856.08,8428.04,156255.86,102434.4,1126778.38
QTN-00017,2026-04-15,ABC Builders,Project 54,Earthwork,Nos,491,137,169,572,1730,3222,2031,3576,91135,9707,301367,8115.7,4057.85,75232.54,49319.11,542510.2
QTN-00018,2026-08-16,XYZ Infra,Project 74,Flooring,Nos,404,321,128,355,1259,446,1460,38869,40591,11911,296743,7762.28,3881.14,71956.34,47171.38,518885.13
QTN-00019,2026-05-25,ABC Builders,Project 80,PCC,Nos,197,240,590,680,1904,4812,1005,28905,98453,18580,419101,11300.78,5650.39,104758.23,68674.84,755423.24
QTN-00020,2026-10-09,Green Homes,Project 61,Plastering,Nos,386,408,630,887,446,7568,2114,16245,72410,19225,436548,10888.56,5444.28,100936.95,66169.78,727867.57
QTN-00021,2026-09-26,Green Homes,Project 83,Plastering,Nos,273,508,131,386,4736,773,1069,12234,63600,11425,647853,14702.24,7351.12,136289.76,89345.51,982800.64
QTN-00022,2026-10-19,XYZ Infra,Project 24,Painting,Nos,114,188,157,855,2686,6759,4904,38435,93544,13946,460186,12122.22,6061.11,112372.98,73666.73,810334.04
QTN-00023,2026-06-12,XYZ Infra,Project 19,Earthwork,Nos,89,152,267,170,4476,1060,1001,49076,15676,2230,455341,10446.46,5223.23,96838.68,63483.14,698314.51
QTN-00024,2026-02-03,XYZ Infra,Project 31,Flooring,Nos,442,204,24,161,4497,4685,2617,29790,44679,6697,490412,11431.56,5715.78,105970.56,69469.59,764165.49
QTN-00025,2026-09-18,SPPS Construction,Project 40,Flooring,Nos,438,488,497,737,220,2088,1237,48677,15254,15722,382241,9237.88,4618.94,85635.15,56138.6,617524.56
QTN-00026,2026-11-10,ABC Builders,Project 27,RCC,Nos,256,502,584,875,147,8936,4612,31337,8765,3677,464745,10170.48,5085.24,94280.35,61806.01,679866.08
QTN-00027,2026-08-10,XYZ Infra,Project 36,PCC,Nos,11,377,439,458,1376,236,4613,16448,35961,10256,369431,8641.92,4320.96,80110.6,52516.95,577686.43
QTN-00028,2026-12-06,ABC Builders,Project 72,Waterproofing,Nos,371,119,418,355,2391,3460,2336,33544,39219,8328,338931,8400.44,4200.22,77872.08,51049.47,561544.21
QTN-00029,2026-02-26,SPPS Construction,Project 51,Waterproofing,Nos,485,523,106,17,864,6678,1061,16112,67518,12110,365155,9217.9,4608.95,85449.93,56017.18,616188.96
QTN-00030,2026-01-21,SPPS Construction,Project 90,Plastering,Nos,331,38,588,173,4619,5038,2548,12636,22302,10997,474177,10402.24,5201.12,96428.76,63214.41,695358.54
QTN-00031,2026-05-14,ABC Builders,Project 97,Flooring,Nos,60,552,279,334,2574,9731,726,37561,60949,235,582424,13623.38,6811.69,126288.73,82789.28,910682.08
QTN-00032,2026-06-02,Skyline,Project 62,RCC,Nos,65,329,30,382,4958,7722,1532,12252,14880,16006,631448,13491.72,6745.86,125068.24,81989.18,901881.01
QTN-00033,2026-06-21,Green Homes,Project 11,Earthwork,Nos,269,155,691,464,4812,6370,3422,8608,19735,11226,595992,12711.22,6355.61,117833.01,77246.08,849706.92
QTN-00034,2026-12-18,XYZ Infra,Project 22,Brickwork,Nos,128,40,756,161,1944,1216,2801,23045,36174,19879,256129,6704.54,3352.27,62151.09,40743.49,448178.39
QTN-00035,2026-04-05,ABC Builders,Project 71,RCC,Nos,386,579,776,448,3892,2355,4088,1677,59735,7139,691218,15195.38,7597.69,140861.17,92342.32,1015765.57
QTN-00036,2026-10-27,Skyline,Project 20,RCC,Nos,438,61,472,268,1813,4398,2615,25320,19719,14955,271144,6622.76,3311.38,61392.99,40246.51,442711.64
QTN-00037,2026-06-12,Green Homes,Project 62,Waterproofing,Nos,498,140,49,144,3126,3727,3088,43159,53420,11927,351554,9201.2,4600.6,85295.12,55915.69,615072.62
QTN-00038,2026-10-13,XYZ Infra,Project 68,RCC,Nos,111,154,220,647,1054,97,776,20621,10271,12074,245142,5762.16,2881.08,53415.22,35016.65,385183.11
QTN-00039,2026-07-14,Skyline,Project 82,Flooring,Nos,56,248,691,248,220,1332,414,11660,72434,13047,224210,6427.02,3213.51,59578.48,39057,429627.01
QTN-00040,2026-05-11,Skyline,Project 38,Waterproofing,Nos,148,243,224,857,2363,2185,1356,21885,6409,17757,426171,9444.44,4722.22,87549.96,57393.86,631332.48
QTN-00041,2026-07-14,SPPS Construction,Project 29,Earthwork,Nos,415,254,100,607,636,5701,1869,25603,42512,17473,290317,7518.1,3759.05,69692.79,45687.49,502562.43
QTN-00042,2026-06-09,XYZ Infra,Project 10,Flooring,Nos,122,504,435,445,1953,2911,4708,18922,84204,11396,489471,12079.86,6039.93,111980.3,73409.31,807502.4
QTN-00043,2026-10-04,XYZ Infra,Project 49,Waterproofing,Nos,11,62,569,390,1755,4344,921,44943,5591,14570,287518,7052.44,3526.22,65376.12,42857.68,471434.46
QTN-00044,2026-04-27,Green Homes,Project 56,Waterproofing,Nos,47,525,398,864,3006,3286,3276,49872,30107,7449,626784,14284.24,7142.12,132414.9,86805.33,954858.59
QTN-00045,2026-10-06,ABC Builders,Project 57,Flooring,Nos,162,353,207,134,4377,5220,1744,27317,11319,16322,563269,12364.54,6182.27,114619.29,75139.31,826532.41
QTN-00046,2026-02-17,Green Homes,Project 57,Flooring,Nos,118,530,90,159,666,7565,1748,7089,80369,18763,376998,9664.38,4832.19,89588.8,58730.44,646034.81
QTN-00047,2026-08-25,SPPS Construction,Project 77,PCC,Nos,149,79,389,235,400,1991,708,10383,8928,14602,141506,3508.38,1754.19,32522.68,21320.43,234524.68
QTN-00048,2026-02-14,SPPS Construction,Project 40,Waterproofing,Nos,337,22,35,259,4983,3070,2813,1869,42540,16338,444878,10112.5,5056.25,93742.88,61453.66,675990.29
QTN-00049,2026-05-21,XYZ Infra,Project 56,RCC,Nos,78,227,210,231,3193,865,388,39744,46236,5236,393453,9693.38,4846.69,89857.63,58906.67,647973.37
QTN-00050,2026-02-15,SPPS Construction,Project 25,Brickwork,Nos,500,107,125,110,4368,2238,3718,17659,88450,19789,420572,10929.4,5464.7,101315.54,66417.96,730597.6
QTN-00051,2026-04-20,Green Homes,Project 69,RCC,Nos,89,209,593,398,3424,1159,3385,38483,13971,13810,458707,10499.42,5249.71,97329.62,63804.98,701854.73
QTN-00052,2026-06-27,ABC Builders,Project 17,Earthwork,Nos,405,455,22,574,4259,2813,3418,46018,73693,2866,620737,14866.28,7433.14,137810.42,90342.38,993766.22
QTN-00053,2026-10-16,Green Homes,Project 76,RCC,Nos,453,128,349,261,417,4809,849,20379,85456,16007,187436,6185.56,3092.78,57340.14,37589.65,413486.13
QTN-00054,2026-08-19,Green Homes,Project 62,Plastering,Nos,69,413,451,612,2439,1051,3811,35282,92227,8868,490514,12537.82,6268.91,116225.59,76192.33,838115.65
QTN-00055,2026-05-15,Green Homes,Project 19,Brickwork,Nos,433,102,620,605,1099,9477,1255,36226,18509,306,327596,7652.74,3826.37,70940.9,46505.7,511562.71
QTN-00056,2026-06-25,XYZ Infra,Project 39,Earthwork,Nos,422,335,655,465,717,3199,3279,44809,30817,13409,341596,8612.62,4306.31,79838.99,52338.89,575727.81
QTN-00057,2026-04-13,Skyline,Project 87,RCC,Nos,11,7,516,32,1109,3546,1054,28344,37302,5436,160867,4638.98,2319.49,43003.34,28191.08,310101.9
QTN-00058,2026-03-13,Skyline,Project 90,Brickwork,Nos,364,543,683,4,220,2562,1246,19637,18782,13532,337712,7793.26,3896.63,72243.52,47359.64,520956.05
QTN-00059,2026-12-14,Skyline,Project 37,Plastering,Nos,261,138,77,411,499,8874,823,27980,42038,4768,226820,6032.12,3016.06,55917.75,36657.19,403229.13
QTN-00060,2026-01-28,Green Homes,Project 54,PCC,Nos,286,251,724,330,4685,8621,787,11064,54104,7411,631600,14083.58,7041.79,130554.79,85585.92,941445.07
QTN-00061,2026-12-15,SPPS Construction,Project 48,Earthwork,Nos,373,244,692,248,2845,6008,2833,40215,62085,17809,459192,11586.02,5793.01,107402.41,70408.24,774490.68
QTN-00062,2026-09-02,ABC Builders,Project 9,RCC,Nos,55,582,634,318,4068,5995,4004,28845,70511,1881,707844,16181.62,8090.81,150003.62,98335.7,1081692.75
QTN-00063,2026-10-17,Green Homes,Project 48,Painting,Nos,53,58,312,896,2840,9717,2588,1852,72233,14789,451904,10815.56,5407.78,100260.24,65726.16,722987.74
QTN-00064,2026-11-15,SPPS Construction,Project 90,Waterproofing,Nos,429,472,676,37,4453,3826,818,35880,28809,1896,636321,14058.12,7029.06,130318.77,85431.2,939743.15
QTN-00065,2026-06-11,Green Homes,Project 61,Flooring,Nos,388,124,398,19,3494,8688,328,40637,27549,14818,421802,10096.12,5048.06,93591.03,61354.12,674895.33
QTN-00066,2026-05-20,XYZ Infra,Project 52,Earthwork,Nos,39,555,356,467,2953,9767,2968,19164,42775,5578,636849,14087.32,7043.66,130589.46,85608.64,941695.08
QTN-00067,2026-06-15,Skyline,Project 53,RCC,Nos,341,18,592,61,77,1267,3414,6081,81355,16729,82105,3725.4,1862.7,34534.46,22639.26,249031.81
QTN-00068,2026-10-04,XYZ Infra,Project 83,Plastering,Nos,54,368,230,185,3422,6173,1642,49133,80925,1224,513876,12903.16,6451.58,119612.29,78412.5,862537.54
QTN-00069,2026-04-20,Skyline,Project 32,Flooring,Nos,206,144,19,494,4158,9493,1913,4712,63507,10705,515307,11884.62,5942.31,110170.43,72222.84,794451.19
QTN-00070,2026-05-24,ABC Builders,Project 80,Earthwork,Nos,55,414,255,286,4801,2039,1655,16804,89671,3957,619062,14589.88,7294.94,135248.19,88662.7,975289.71
QTN-00071,2026-09-07,Green Homes,Project 82,Brickwork,Nos,58,501,562,146,4927,5905,1602,11212,28328,18365,706297,15284.04,7642.02,141683.05,92881.11,1021692.22
QTN-00072,2026-01-09,Skyline,Project 64,Brickwork,Nos,138,148,291,266,4648,8533,3987,35377,27314,6824,542651,12243.32,6121.66,113495.58,74402.66,818429.21
QTN-00073,2026-08-21,SPPS Construction,Project 64,RCC,Nos,107,140,785,776,902,709,2780,35845,64861,3416,295022,7982.88,3991.44,74001.3,48511.96,533631.58
QTN-00074,2026-01-10,Green Homes,Project 55,Plastering,Nos,103,432,750,241,4545,9577,1987,36851,8198,12155,702798,15200.04,7600.02,140904.37,92370.64,1016077.07
QTN-00075,2026-12-14,Green Homes,Project 73,PCC,Nos,14,481,754,870,510,5292,1268,3256,45491,11963,463024,10474.68,5237.34,97100.28,63654.63,700200.93
QTN-00076,2026-11-04,Skyline,Project 49,Painting,Nos,387,454,743,894,2497,4011,4902,38100,22088,11812,595285,13345.7,6672.85,123714.64,81101.82,892120.01
QTN-00077,2026-06-05,Green Homes,Project 41,Flooring,Nos,248,437,312,641,1301,6758,326,35713,48558,5791,450495,10811.14,5405.57,100219.27,65699.3,722692.28
QTN-00078,2026-04-27,Skyline,Project 62,Brickwork,Nos,138,277,104,526,2084,2616,2650,42833,32744,12810,375968,9287.1,4643.55,86091.42,56437.71,620814.77
QTN-00079,2026-11-24,Skyline,Project 59,Plastering,Nos,308,593,188,39,1857,376,4653,9466,30035,8660,433506,9633.34,4816.67,89301.06,58541.81,643959.88
QTN-00080,2026-09-02,SPPS Construction,Project 2,Plastering,Nos,492,160,386,691,2420,6354,3824,20953,81336,10553,421956,10695.96,5347.98,99151.55,64999.35,714992.84
QTN-00081,2026-08-20,Green Homes,Project 12,Waterproofing,Nos,388,581,54,712,2381,9589,3178,33594,51899,628,609675,13915.92,6957.96,129000.58,84567.05,930237.5
QTN-00082,2026-03-10,XYZ Infra,Project 13,Waterproofing,Nos,101,344,746,711,4751,3738,3274,12416,66266,10118,689303,15562.06,7781.03,144260.3,94570.64,1040277.02
QTN-00083,2026-10-15,Skyline,Project 6,Waterproofing,Nos,141,413,734,538,2550,3850,1928,37390,52485,16303,533108,12785.72,6392.86,118523.62,77698.82,854687.02
QTN-00084,2026-04-08,Green Homes,Project 1,Earthwork,Nos,245,159,75,879,1775,8794,3333,15352,48485,6967,389840,9212.88,4606.44,85403.4,55986.67,615853.39
QTN-00085,2026-06-17,SPPS Construction,Project 2,Painting,Nos,472,63,713,286,4103,9684,4944,9873,90741,4191,509851,12293.12,6146.56,113957.22,74705.29,821758.19
QTN-00086,2026-08-10,SPPS Construction,Project 61,Plastering,Nos,347,356,224,844,4360,6075,2090,39978,54108,288,657090,15029.28,7514.64,139321.43,91332.93,1004662.28
QTN-00087,2026-12-16,Green Homes,Project 1,Painting,Nos,340,433,220,563,3134,7938,3634,1024,97483,5605,582198,13726.2,6863.1,127241.87,83414.12,917555.29
QTN-00088,2026-04-26,SPPS Construction,Project 86,Earthwork,Nos,340,529,4,599,3912,9919,3827,884,31265,1602,686829,14411.6,7205.8,133595.53,87579.29,963372.23
QTN-00089,2026-05-16,XYZ Infra,Project 87,Brickwork,Nos,203,565,589,490,4430,3995,2067,44797,38100,971,726447,16206.3,8103.15,150232.4,98485.69,1083342.54
QTN-00090,2026-01-02,XYZ Infra,Project 64,Plastering,Nos,376,81,636,864,145,4671,828,18942,50434,18035,240081,6549.84,3274.92,60717.02,39803.38,437837.15
QTN-00091,2026-05-15,XYZ Infra,Project 28,Waterproofing,Nos,377,382,157,639,3144,5588,4124,16626,8586,2882,545768,11477.24,5738.62,106394.01,69747.19,767219.06
QTN-00092,2026-08-19,Skyline,Project 88,Flooring,Nos,388,383,459,127,2744,6320,189,10928,77575,12810,480859,11643.44,5821.72,107934.69,70757.18,778329.03
QTN-00093,2026-06-24,ABC Builders,Project 67,Waterproofing,Nos,301,163,694,509,2721,542,115,46487,61765,12299,398476,10380.54,5190.27,96227.61,63082.54,693907.96
QTN-00094,2026-06-14,ABC Builders,Project 87,Painting,Nos,296,4,552,583,719,8214,3849,20936,4381,12214,239406,5538.74,2769.37,51344.12,33658.92,370248.15
QTN-00095,2026-09-22,SPPS Construction,Project 12,Waterproofing,Nos,89,60,331,48,4280,6389,2167,34701,80675,9322,433519,11164.34,5582.17,103493.43,67845.69,746302.64
QTN-00096,2026-05-11,XYZ Infra,Project 46,Waterproofing,Nos,165,164,275,188,1421,3244,2837,17437,14576,9762,253724,5909.98,2954.99,54785.51,35914.95,395064.43
QTN-00097,2026-07-03,Skyline,Project 70,Flooring,Nos,44,59,216,392,683,8017,1908,31110,64570,17789,208139,6432.16,3216.08,59626.12,39088.24,429970.6
QTN-00098,2026-10-28,Green Homes,Project 33,RCC,Nos,498,400,50,610,709,306,2117,45415,11158,12631,314940,7682.88,3841.44,71220.3,46688.86,513577.48
QTN-00099,2026-03-05,ABC Builders,Project 63,Flooring,Nos,484,261,384,290,4398,2481,659,21779,4136,2474,533327,11234.32,5617.16,104142.15,68270.96,750980.59
QTN-00100,2026-07-26,Skyline,Project 52,Flooring,Nos,158,39,660,571,1637,7360,1661,43087,75704,17758,322186,9174.7,4587.35,85049.47,55754.65,613301.17
QTN-00101,2026-10-12,XYZ Infra,Project 38,Plastering,Nos,209,135,221,367,2625,5443,4152,5185,77347,16468,367041,9320.82,4660.41,86404,56642.62,623068.85
QTN-00102,2026-05-13,Skyline,Project 24,Painting,Nos,399,155,347,852,2474,2960,3255,45038,40687,401,412235,9967.22,4983.61,92396.13,60570.8,666278.76
QTN-00103,2026-03-22,ABC Builders,Project 81,PCC,Nos,268,397,376,779,1027,7756,172,6220,56330,12644,441455,10332.98,5166.49,95786.72,62793.52,690728.71
QTN-00104,2026-08-21,ABC Builders,Project 22,Waterproofing,Nos,186,212,782,506,790,8022,1535,31308,6370,7750,343641,7781.38,3890.69,72133.39,47287.45,520161.91
QTN-00105,2026-02-01,Green Homes,Project 5,Earthwork,Nos,131,452,4,497,1483,3554,359,15523,31549,2919,403376,9067.34,4533.67,84054.24,55102.23,606124.48
QTN-00106,2026-11-05,Green Homes,Project 61,Brickwork,Nos,170,299,711,832,1414,3973,4681,26852,13177,12895,433785,9734.18,4867.09,90235.85,59154.61,650700.73
QTN-00107,2026-08-02,ABC Builders,Project 62,Flooring,Nos,418,41,492,387,180,2647,266,14877,78147,7350,139192,4791.32,2395.66,44415.54,29116.85,320285.37
QTN-00108,2026-01-05,Green Homes,Project 37,RCC,Nos,409,439,386,855,2555,8618,3364,47929,7475,3750,594963,13082.34,6541.17,121273.29,79501.38,874515.18
QTN-00109,2026-09-15,XYZ Infra,Project 42,RCC,Nos,94,158,654,563,4809,7745,4835,47544,11548,3670,618450,13624.24,6812.12,126296.7,82794.51,910739.57
QTN-00110,2026-06-21,XYZ Infra,Project 31,RCC,Nos,310,458,563,821,146,7922,1933,45895,88681,15453,425919,11518.96,5759.48,106780.76,70000.72,770007.92
QTN-00111,2026-03-22,Green Homes,Project 3,Brickwork,Nos,255,76,756,449,3452,276,995,7716,22033,8247,410663,8973.18,4486.59,83181.38,54530.01,599830.16
QTN-00112,2026-11-05,Green Homes,Project 60,Painting,Nos,381,214,453,334,4447,2513,3728,12890,83541,2477,529977,12577.7,6288.85,116595.28,76434.68,840781.51
QTN-00113,2026-08-13,Skyline,Project 21,PCC,Nos,110,62,628,538,2621,1623,4754,39440,43812,15516,357013,9115.62,4557.81,84501.8,55395.62,609351.85
QTN-00114,2026-03-06,Green Homes,Project 50,Plastering,Nos,492,570,657,774,3447,2946,3087,40610,75700,1333,687120,16095.26,8047.63,149203.06,97810.9,1075919.85
QTN-00115,2026-01-20,Green Homes,Project 9,Waterproofing,Nos,155,83,57,744,1254,4901,2503,36408,98011,1363,266951,8054.66,4027.33,74666.7,48948.17,538429.86
QTN-00116,2026-04-13,ABC Builders,Project 66,Plastering,Nos,22,513,496,661,2564,3244,4083,15321,72700,1679,572185,13237.7,6618.85,122713.48,80445.5,884900.53
QTN-00117,2026-10-12,Green Homes,Project 13,PCC,Nos,102,547,796,703,2156,6860,1736,27167,77908,16543,612506,14682.48,7341.24,136106.59,89225.43,981479.74
QTN-00118,2026-11-02,XYZ Infra,Project 42,Waterproofing,Nos,304,49,458,215,4600,5584,2019,1433,18163,5307,476181,10021.68,5010.84,92900.97,60901.75,669919.24
QTN-00119,2026-07-07,Green Homes,Project 75,Earthwork,Nos,374,85,82,709,1231,5765,3011,15645,34644,3169,271346,6496.08,3248.04,60218.66,39476.68,434243.46
QTN-00120,2026-02-19,XYZ Infra,Project 72,Painting,Nos,426,407,675,727,3547,7375,176,19099,55742,5106,649591,14590.76,7295.38,135256.35,88668.05,975348.53
QTN-00121,2026-03-24,ABC Builders,Project 98,Flooring,Nos,439,334,210,775,3220,1190,3810,21192,36069,8135,514930,11606.52,5803.26,107592.44,70532.82,775861.04
QTN-00122,2026-10-26,XYZ Infra,Project 43,Earthwork,Nos,195,561,88,103,4895,941,2982,7985,16407,2980,649485,13537.14,6768.57,125489.29,82265.2,904917.2
QTN-00123,2026-06-13,ABC Builders,Project 19,Painting,Nos,268,223,209,643,4814,2247,3186,40658,44975,9287,576442,13427.24,6713.62,124470.51,81597.34,897570.71
QTN-00124,2026-11-11,ABC Builders,Project 79,Waterproofing,Nos,254,390,524,509,3782,3153,2529,18107,15089,13165,589903,12725.28,6362.64,117963.35,77331.53,850646.79
QTN-00125,2026-12-26,XYZ Infra,Project 95,Waterproofing,Nos,119,571,564,593,4453,8428,3378,15485,5115,16695,778007,16306.04,8153.02,151156.99,99091.81,1090009.86
QTN-00126,2026-02-07,XYZ Infra,Project 75,Earthwork,Nos,432,131,323,38,539,6914,3149,37489,36958,15681,188236,5567.28,2783.64,51608.69,33832.36,372155.97
QTN-00127,2026-05-02,XYZ Infra,Project 47,Brickwork,Nos,113,177,130,55,4162,5352,3832,21893,14122,4508,455448,9919.42,4959.71,91953.02,60280.32,663083.47
QTN-00128,2026-05-21,XYZ Infra,Project 29,PCC,Nos,221,225,227,535,1176,6524,2471,39721,51748,2516,326473,8409.16,4204.58,77952.91,51102.47,562127.12
QTN-00129,2026-10-25,Skyline,Project 17,Plastering,Nos,151,428,446,399,24,8715,1505,8626,12559,17293,349185,7753.26,3876.63,71872.72,47116.56,518282.17
QTN-00130,2026-09-06,SPPS Construction,Project 21,Waterproofing,Nos,120,356,770,872,732,5836,3713,2763,93780,10473,431741,10775.14,5387.57,99885.55,65480.53,720285.78
QTN-00131,2026-01-18,SPPS Construction,Project 25,Earthwork,Nos,70,470,21,358,1346,4404,426,10974,71446,9194,392748,9687.24,4843.62,89800.71,58869.36,647562.93
QTN-00132,2026-06-24,XYZ Infra,Project 75,Earthwork,Nos,266,577,149,92,422,3891,1047,27382,7415,9941,346435,7823.46,3911.73,72523.47,47543.17,522974.83
QTN-00133,2026-11-04,Skyline,Project 66,Waterproofing,Nos,477,222,60,489,1811,1028,1738,22157,97979,463,309167,8595.32,4297.66,79678.62,52233.76,574571.36
QTN-00134,2026-10-14,ABC Builders,Project 11,Brickwork,Nos,269,240,747,353,1611,4349,3537,34576,79887,15238,369274,9979.5,4989.75,92509.96,60645.42,667099.64
QTN-00135,2026-08-10,Green Homes,Project 8,RCC,Nos,104,310,532,46,108,4277,2527,26567,89019,1250,232423,6985.18,3492.59,64752.62,42448.94,466938.33
QTN-00136,2026-08-24,XYZ Infra,Project 44,Waterproofing,Nos,187,435,636,879,1454,2038,3164,13832,86108,4513,480628,11701.62,5850.81,108474.02,71110.74,782218.19
QTN-00137,2026-12-18,ABC Builders,Project 75,Brickwork,Nos,303,199,494,132,3420,233,3694,46872,82374,7222,406968,10868.72,5434.36,100753.03,66049.21,726541.33
QTN-00138,2026-07-17,ABC Builders,Project 78,Brickwork,Nos,217,542,461,105,292,1492,4063,2478,22954,17187,331279,7477.96,3738.98,69320.69,45443.56,499879.19
QTN-00139,2026-05-11,SPPS Construction,Project 48,Painting,Nos,21,524,31,708,999,4933,2933,25711,85083,1867,440562,11064.46,5532.23,102567.54,67238.72,739625.96
QTN-00140,2026-01-25,Skyline,Project 51,Flooring,Nos,497,152,704,552,1529,1687,774,24817,62807,9603,319905,8342.64,4171.32,77336.27,50698.22,557680.46
QTN-00141,2026-09-20,XYZ Infra,Project 66,RCC,Nos,484,11,651,849,1475,804,3510,20043,23426,11110,279477,6681.12,3340.56,61933.98,40601.17,446612.83
QTN-00142,2026-04-23,XYZ Infra,Project 95,Earthwork,Nos,172,591,573,599,442,1772,1107,24588,32427,13834,432103,10059.04,5029.52,93247.3,61128.79,672416.65
QTN-00143,2026-03-07,ABC Builders,Project 38,Earthwork,Nos,116,126,627,863,2472,4756,3810,1952,40904,4368,437678,9698.04,4849.02,89900.83,58934.99,648284.88
QTN-00144,2026-09-04,XYZ Infra,Project 69,Brickwork,Nos,241,298,613,305,2326,1864,1304,12272,78750,10002,410406,10228.6,5114.3,94819.12,62159.2,683751.22
QTN-00145,2026-02-07,SPPS Construction,Project 25,Flooring,Nos,12,407,675,530,3773,5657,995,42646,76694,17109,629976,15328.5,7664.25,142095.2,93151.29,1024664.24
QTN-00146,2026-04-15,XYZ Infra,Project 75,Plastering,Nos,139,131,157,135,2706,7115,809,10926,95636,7698,348389,9252.98,4626.49,85775.12,56230.36,618533.95
QTN-00147,2026-05-09,Skyline,Project 53,Earthwork,Nos,306,257,418,303,4344,1666,3678,29751,24337,16952,528256,11985.92,5992.96,111109.48,72838.44,801222.79
QTN-00148,2026-08-27,Skyline,Project 92,Flooring,Nos,96,503,242,290,1115,3885,3509,22941,22099,8989,398724,9055.06,4527.53,83940.41,55027.6,605303.6
QTN-00149,2026-09-21,ABC Builders,Project 40,Flooring,Nos,29,370,259,229,2687,5569,3542,49969,58888,5142,464319,11566.36,5783.18,107220.16,70288.77,773176.47
QTN-00150,2026-06-20,XYZ Infra,Project 18,Earthwork,Nos,129,474,762,734,3011,5551,2091,11395,41626,13361,634664,14020.92,7010.46,129973.93,85205.13,937256.44
QTN-00151,2026-07-12,XYZ Infra,Project 88,PCC,Nos,200,344,72,144,4087,5157,1363,19544,63347,18752,526984,12572.54,6286.27,116547.45,76403.33,840436.58
QTN-00152,2026-11-06,ABC Builders,Project 56,Waterproofing,Nos,283,54,294,408,2844,9730,4182,8058,62236,11261,392102,9473.14,4736.57,87816.01,57568.27,633250.99
QTN-00153,2026-01-10,XYZ Infra,Project 12,Earthwork,Nos,240,78,238,784,4252,1858,2232,43166,34669,1283,484216,11266.68,5633.34,104442.12,68467.61,753143.76
QTN-00154,2026-11-02,ABC Builders,Project 26,RCC,Nos,395,425,409,353,339,5375,365,21559,18382,5624,335120,7613.7,3806.85,70579,46268.45,508953
QTN-00155,2026-10-03,Green Homes,Project 28,Painting,Nos,379,158,47,877,3118,1887,4029,17302,75819,13357,433075,10791.06,5395.53,100033.13,65577.27,721349.99
QTN-00156,2026-08-23,SPPS Construction,Project 43,Plastering,Nos,346,512,513,413,2173,6446,175,22216,53092,1905,535718,12258.62,6129.31,113637.41,74495.63,819451.97
QTN-00157,2026-06-21,XYZ Infra,Project 16,Earthwork,Nos,462,380,731,115,4759,940,839,40403,54168,6724,608564,14197.18,7098.59,131607.86,86276.26,949038.89
QTN-00158,2026-01-26,Green Homes,Project 82,Plastering,Nos,158,321,777,91,44,6068,2779,40481,7803,7558,272153,6559.9,3279.95,60810.27,39864.51,438509.64
QTN-00159,2026-07-13,ABC Builders,Project 7,PCC,Nos,413,446,344,737,462,9429,4826,45430,44118,14842,431568,10719.16,5359.58,99366.61,65140.34,716543.69
QTN-00160,2026-05-20,Skyline,Project 82,RCC,Nos,23,55,284,804,619,1086,444,9996,82722,4005,199507,5924.6,2962.3,54921.04,36003.79,396041.74
QTN-00161,2026-03-23,Green Homes,Project 36,Waterproofing,Nos,283,560,663,835,1799,7975,2840,24359,34874,14833,606805,13617.42,6808.71,126233.48,82753.06,910283.67
QTN-00162,2026-10-16,Green Homes,Project 23,Waterproofing,Nos,67,419,61,24,1653,4891,791,47719,40191,9851,360204,9159.3,4579.65,84906.71,55661.07,612271.73
QTN-00163,2026-02-28,Green Homes,Project 94,RCC,Nos,240,563,123,121,1315,6886,3519,14472,28845,8144,434942,9728.06,4864.03,90179.12,59117.42,650291.63
QTN-00164,2026-10-12,Skyline,Project 8,Plastering,Nos,309,568,543,276,343,9952,2534,21709,83547,18769,440035,11281.2,5640.6,104576.72,68555.85,754114.38
QTN-00165,2026-02-03,XYZ Infra,Project 87,Painting,Nos,485,45,293,583,4935,3675,3401,22915,57575,2755,516576,11996.42,5998.21,111206.81,72902.24,801924.69
QTN-00166,2026-01-03,ABC Builders,Project 78,RCC,Nos,338,477,293,25,2080,3271,4377,47242,9541,15423,427635,9996.82,4998.41,92670.52,60750.68,668257.43
QTN-00167,2026-05-20,ABC Builders,Project 72,Plastering,Nos,30,180,749,852,2794,9464,2534,42830,71297,7423,530956,13050.12,6525.06,120974.61,79305.58,872361.37
QTN-00168,2026-01-25,Green Homes,Project 15,RCC,Nos,213,147,448,291,4167,7512,3886,24070,13126,12742,513417,11267.1,5633.55,104446.02,68470.17,753171.83
QTN-00169,2026-08-14,ABC Builders,Project 99,Waterproofing,Nos,129,562,42,799,4605,9333,3593,5243,66751,5054,775772,17056.4,8528.2,158112.83,103651.74,1140169.17
QTN-00170,2026-11-25,XYZ Infra,Project 35,PCC,Nos,382,213,678,257,4251,9435,805,34449,94531,1299,576040,14126.38,7063.19,130951.54,85846.01,944306.12
QTN-00171,2026-12-05,SPPS Construction,Project 11,Earthwork,Nos,321,37,127,626,2081,4589,517,30917,20746,11833,295234,7174.6,3587.3,66508.54,43600.04,479600.49
QTN-00172,2026-04-02,XYZ Infra,Project 93,Flooring,Nos,393,259,396,89,529,7988,1186,4688,52803,5718,263675,6537.68,3268.84,60604.29,39729.48,437024.29
QTN-00173,2026-03-09,SPPS Construction,Project 75,Waterproofing,Nos,445,576,677,350,3885,986,1881,7840,6568,15875,656504,13735.74,6867.87,127330.31,83472.09,918193.01
QTN-00174,2026-06-17,SPPS Construction,Project 50,Brickwork,Nos,133,10,317,36,4846,1106,169,26276,19292,5924,406647,9162.78,4581.39,84938.97,55682.21,612504.35
QTN-00175,2026-08-28,XYZ Infra,Project 14,RCC,Nos,318,529,143,481,708,8710,2623,19849,85364,4284,432613,10842.2,5421.1,100507.19,65888.05,724768.54
QTN-00176,2026-11-24,ABC Builders,Project 94,Brickwork,Nos,182,216,787,149,135,6297,3808,46505,43972,4653,242349,6749.58,3374.79,62568.61,41017.2,451189.17
QTN-00177,2026-09-17,SPPS Construction,Project 38,Plastering,Nos,152,417,470,527,2450,1249,1736,15237,39920,15661,483968,11095.72,5547.86,102857.32,67428.69,741715.59
QTN-00178,2026-01-17,SPPS Construction,Project 7,RCC,Nos,195,537,338,704,494,6707,324,39690,8882,12544,444200,10106.32,5053.16,93685.59,61416.11,675577.17
QTN-00179,2026-09-20,Green Homes,Project 79,Waterproofing,Nos,207,179,500,279,3105,3537,2570,12577,92354,1116,417771,10476.36,5238.18,97115.86,63664.84,700313.24
QTN-00180,2026-04-01,Skyline,Project 12,Brickwork,Nos,427,433,709,74,4479,873,2533,17155,6930,14726,605892,12894.06,6447.03,119527.94,78357.2,861929.23
QTN-00181,2026-05-09,SPPS Construction,Project 88,Brickwork,Nos,330,521,555,820,3850,4570,3737,12403,84715,1688,706297,16102.06,8051.03,149266.1,97852.22,1076374.4
QTN-00182,2026-07-13,SPPS Construction,Project 34,Flooring,Nos,289,123,163,753,3157,4932,2113,6515,96524,3727,437094,10877.2,5438.6,100831.64,66100.74,727108.19
QTN-00183,2026-12-23,XYZ Infra,Project 57,Earthwork,Nos,136,320,521,614,1756,5462,4718,5844,17347,13034,439474,9513.98,4756.99,88194.59,57816.46,635981.02
QTN-00184,2026-02-18,SPPS Construction,Project 25,Waterproofing,Nos,465,418,522,619,4538,8691,4636,47204,74808,5163,718654,16916.58,8458.29,156816.7,102802.06,1130822.62
QTN-00185,2026-01-11,SPPS Construction,Project 42,Brickwork,Nos,361,83,734,472,2195,1391,4425,28444,66204,17163,332888,8893.98,4446.99,82447.19,54048.72,594535.88
QTN-00186,2026-05-07,SPPS Construction,Project 51,Brickwork,Nos,413,334,393,312,264,2166,4675,19543,7714,11313,260983,5991.06,2995.53,55537.13,36407.67,400484.39
QTN-00187,2026-06-17,XYZ Infra,Project 5,RCC,Nos,222,397,762,738,3104,3827,581,8277,14026,4421,592167,12377.82,6188.91,114742.39,75220.01,827420.13
QTN-00188,2026-05-09,Green Homes,Project 60,Flooring,Nos,303,543,562,781,1652,5827,3600,10918,78773,4669,557146,13030.12,6515.06,120789.21,79184.04,871024.43
QTN-00189,2026-05-19,Skyline,Project 95,Brickwork,Nos,238,303,496,798,1221,6006,3489,43898,67176,15793,414902,10835.38,5417.69,100443.97,65846.6,724312.65
QTN-00190,2026-10-10,XYZ Infra,Project 99,Brickwork,Nos,285,353,787,212,1455,2507,3663,44148,94974,19173,380094,10767.78,5383.89,99817.32,65435.8,719793.79
QTN-00191,2026-08-17,ABC Builders,Project 80,RCC,Nos,428,217,598,885,1530,1413,3038,29914,90015,66,380782,10015.54,5007.77,92844.06,60864.44,669508.8
QTN-00192,2026-03-09,XYZ Infra,Project 13,Waterproofing,Nos,339,340,394,625,4792,6137,2485,35187,20584,2281,670501,14571.06,7285.53,135073.73,88548.33,974031.65
QTN-00193,2026-08-13,Green Homes,Project 97,Earthwork,Nos,243,94,383,299,4593,9544,4180,22773,97947,364,533827,13098.22,6549.11,121420.5,79597.88,875576.71
QTN-00194,2026-07-12,Green Homes,Project 22,Flooring,Nos,158,214,332,87,200,4593,652,16607,56589,7945,185696,5336.74,2668.37,49471.58,32431.37,356745.06
QTN-00195,2026-12-14,Skyline,Project 81,PCC,Nos,114,186,379,51,4053,9115,2241,15174,35814,6019,499276,11125.66,5562.83,103134.87,67610.64,743716.99
QTN-00196,2026-03-06,ABC Builders,Project 29,PCC,Nos,140,178,85,862,4312,4405,3952,21392,85465,18528,552932,13566.34,6783.17,125759.97,82442.65,906869.13
QTN-00197,2026-01-10,ABC Builders,Project 14,Brickwork,Nos,250,422,550,770,4446,7725,1813,6798,67732,3693,723363,16031.72,8015.86,148614.04,97424.76,1071672.39
QTN-00198,2026-06-18,SPPS Construction,Project 88,Plastering,Nos,93,330,279,629,222,1866,4220,2286,98619,4439,282098,7748.84,3874.42,71831.75,47089.7,517986.71
QTN-00199,2026-04-04,Skyline,Project 39,Painting,Nos,173,383,107,158,4470,7400,895,42070,87873,18643,595215,14876.02,7438.01,137900.71,90401.57,994417.31
QTN-00200,2026-05-02,ABC Builders,Project 84,RCC,Nos,272,513,712,267,2552,449,2095,34824,11226,9969,516937,11459.12,5729.56,106226.04,69637.07,766007.79
QTN-00201,2026-04-05,Skyline,Project 32,Earthwork,Nos,228,200,624,350,2322,4076,1679,25691,23792,15092,390357,9098.64,4549.32,84344.39,55292.44,608216.79
QTN-00202,2026-07-13,SPPS Construction,Project 2,Brickwork,Nos,313,513,800,372,4214,6852,762,1858,99456,8842,711118,16425.48,8212.74,152264.2,99817.64,1097994.06
QTN-00203,2026-06-09,Skyline,Project 83,Plastering,Nos,217,265,365,121,3902,7397,3447,48159,97137,13306,518243,13536.9,6768.45,125487.06,82263.74,904901.15
QTN-00204,2026-06-02,ABC Builders,Project 45,Flooring,Nos,496,430,617,717,3320,5292,2504,1295,42696,16733,622740,13669.28,6834.64,126714.23,83068.21,913750.36
QTN-00205,2026-07-28,XYZ Infra,Project 12,Brickwork,Nos,419,459,216,9,919,6404,2031,14994,85315,19078,347098,9329.7,4664.85,86486.32,56696.59,623662.46
QTN-00206,2026-01-13,XYZ Infra,Project 70,Flooring,Nos,221,344,144,759,2629,933,3175,40380,55822,12342,465214,11475.16,5737.58,106374.73,69734.55,767080.02
QTN-00207,2026-11-06,Green Homes,Project 2,Brickwork,Nos,500,441,108,772,1773,8229,4991,29378,12072,15488,503528,11209.32,5604.66,103910.4,68119.04,749309.41
QTN-00208,2026-04-26,SPPS Construction,Project 81,Plastering,Nos,15,53,739,128,1251,2222,2460,10424,59450,3220,212391,5709.7,2854.85,52928.92,34697.85,381676.32
QTN-00209,2026-06-22,SPPS Construction,Project 57,Waterproofing,Nos,411,287,466,704,1376,8070,4570,5500,27605,16340,423240,9453.7,4726.85,87635.8,57450.13,631951.48
QTN-00210,2026-07-25,SPPS Construction,Project 72,Plastering,Nos,393,236,184,477,4160,4719,3839,29167,84487,17297,531751,13254.04,6627.02,122864.95,80544.8,885992.81
QTN-00211,2026-09-24,XYZ Infra,Project 5,Waterproofing,Nos,91,17,423,660,1486,4471,3633,26524,23339,6427,271541,6556.62,3278.31,60779.87,39844.58,438290.38
QTN-00212,2026-04-13,ABC Builders,Project 23,Plastering,Nos,341,29,117,8,2726,1835,214,14971,99241,8769,242714,7313.9,3656.95,67799.85,44446.57,488912.27
QTN-00213,2026-07-02,XYZ Infra,Project 59,RCC,Nos,286,274,177,302,1324,1083,4827,35823,53253,11488,286491,7741.1,3870.55,71760,47042.66,517469.31
QTN-00214,2026-06-18,SPPS Construction,Project 26,Flooring,Nos,180,77,344,711,4652,1157,4923,19573,55815,6950,510569,11858.14,5929.07,109924.96,72061.92,792681.08
QTN-00215,2026-09-19,Skyline,Project 85,RCC,Nos,367,131,163,796,521,4766,3209,9593,71072,1568,247922,6603.1,3301.55,61210.74,40127.04,441397.43
QTN-00216,2026-11-17,ABC Builders,Project 49,Painting,Nos,89,479,673,194,2342,1924,3574,37380,60511,17298,487286,12049.5,6024.75,111698.86,73224.81,805472.93
QTN-00217,2026-04-06,Green Homes,Project 91,Painting,Nos,89,29,248,342,4033,945,1549,7341,69585,12471,385514,9498.22,4749.11,88048.5,57720.68,634927.51
QTN-00218,2026-05-09,XYZ Infra,Project 23,Brickwork,Nos,496,367,638,621,2718,9,3025,39834,64438,7302,497657,12184.62,6092.31,112951.43,74045.94,814505.29
QTN-00219,2026-03-10,SPPS Construction,Project 36,Plastering,Nos,32,120,773,57,1182,905,4232,35910,27092,19892,222802,6113.92,3056.96,56676.04,37154.29,408697.21
QTN-00220,2026-09-12,Green Homes,Project 87,Earthwork,Nos,199,249,308,323,4935,762,228,25755,72983,6098,551899,13134.7,6567.35,121758.67,79819.57,878015.29
QTN-00221,2026-09-14,SPPS Construction,Project 63,Plastering,Nos,488,399,726,683,293,3108,3104,23004,84364,14170,369533,9821.42,4910.71,91044.56,59684.77,656532.46
QTN-00222,2026-11-20,SPPS Construction,Project 49,Flooring,Nos,123,345,319,289,4727,8773,2916,14889,32674,4320,643075,13899.16,6949.58,128845.21,84465.2,929117.15
QTN-00223,2026-08-17,SPPS Construction,Project 46,PCC,Nos,209,419,264,215,4425,6407,4412,15904,18411,5633,623013,13259.22,6629.61,122912.97,80576.28,886339.08
QTN-00224,2026-04-23,Green Homes,Project 25,PCC,Nos,340,263,17,673,4885,7177,4415,37489,6582,18235,628676,13819.64,6909.82,128108.06,83981.95,923801.48
QTN-00225,2026-06-09,XYZ Infra,Project 38,RCC,Nos,333,136,572,224,1036,9106,4851,8620,89240,6544,289239,7872.86,3936.43,72981.41,47843.37,526277.07
QTN-00226,2026-04-04,ABC Builders,Project 30,Flooring,Nos,384,413,402,334,4926,2411,3668,31513,94874,4772,650496,15633.1,7816.55,144918.84,95002.35,1045025.84
QTN-00227,2026-06-26,Green Homes,Project 28,Painting,Nos,265,540,759,478,1875,5735,4310,10724,58019,13614,551895,12685.04,6342.52,117590.32,77086.99,847956.87
QTN-00228,2026-11-28,Green Homes,Project 52,Flooring,Nos,176,388,458,71,2113,1260,419,9146,18743,1214,388734,8356.74,4178.37,77466.98,50783.91,558623
QTN-00229,2026-07-09,Skyline,Project 28,RCC,Nos,424,357,432,150,1084,6802,1862,22774,41234,13821,350788,8572.34,4286.17,79465.59,52094.11,573035.21
QTN-00230,2026-02-05,ABC Builders,Project 81,Plastering,Nos,80,167,52,440,4573,7806,2879,1721,32000,16985,540412,11822.36,5911.18,109593.28,71844.48,790289.3
QTN-00231,2026-11-03,Skyline,Project 81,RCC,Nos,397,227,334,746,4200,6067,1147,37643,19027,16737,583073,13129.6,6564.8,121711.39,79788.58,877674.37
QTN-00232,2026-02-08,Skyline,Project 99,Earthwork,Nos,410,239,291,377,4888,7097,1250,40058,97375,14504,600696,15052.66,7526.33,139538.16,91475.01,1006225.16
QTN-00233,2026-03-14,Green Homes,Project 4,PCC,Nos,158,304,438,477,3112,4260,499,42865,49657,1811,497059,11827.84,5913.92,109644.08,71877.78,790655.62
QTN-00234,2026-08-18,SPPS Construction,Project 92,PCC,Nos,83,77,618,867,50,8672,154,41053,81064,11456,261410,7899.66,3949.83,73229.85,48006.23,528068.57
QTN-00235,2026-08-01,Green Homes,Project 26,RCC,Nos,236,591,256,279,3508,9214,3926,39265,10477,2048,660648,14248.76,7124.38,132086.01,86589.71,952486.86
QTN-00236,2026-12-26,XYZ Infra,Project 12,Flooring,Nos,440,573,320,463,3461,4058,331,27862,82545,6590,631380,14967.54,7483.77,138749.1,90957.74,1000535.15
QTN-00237,2026-08-23,XYZ Infra,Project 2,PCC,Nos,297,466,288,771,4713,5814,2811,1592,15338,18906,728058,15277.88,7638.94,141625.95,92843.68,1021280.44
QTN-00238,2026-04-09,SPPS Construction,Project 35,Flooring,Nos,76,258,139,800,4598,5467,1650,25294,48342,4450,613456,13830.84,6915.42,128211.89,84050.01,924550.16
QTN-00239,2026-02-08,ABC Builders,Project 100,Painting,Nos,418,74,319,874,552,935,4302,35139,56869,4068,216882,6259.16,3129.58,58022.41,38036.92,418406.07
QTN-00240,2026-09-09,SPPS Construction,Project 40,Brickwork,Nos,201,394,748,571,3554,2449,4646,45955,13446,14640,596448,13409.78,6704.89,124308.66,81491.23,896403.56
QTN-00241,2026-08-19,Green Homes,Project 41,Plastering,Nos,266,329,192,537,738,8494,4226,46502,35869,7530,355378,8905.58,4452.79,82554.73,54119.21,595311.31
QTN-00242,2026-11-01,XYZ Infra,Project 93,Flooring,Nos,332,583,247,762,2391,999,4549,35926,20456,3315,565416,12502.26,6251.13,115895.95,75976.23,835738.57
QTN-00243,2026-10-23,ABC Builders,Project 53,Earthwork,Nos,335,255,566,592,510,7199,4856,14787,75994,14864,331768,8748.26,4374.13,81096.37,53163.18,584794.94
QTN-00244,2026-08-06,Skyline,Project 66,Waterproofing,Nos,135,120,562,49,3256,2496,2323,36334,45354,19487,371331,9450.12,4725.06,87602.61,57428.38,631712.17
QTN-00245,2026-09-17,Green Homes,Project 71,Flooring,Nos,22,149,181,643,4184,7730,1857,8394,82874,12985,536187,12808.8,6404.4,118737.58,77839.08,856229.85
QTN-00246,2026-12-11,ABC Builders,Project 84,Earthwork,Nos,413,537,642,824,2066,4050,2876,10088,70183,12883,582116,13505.4,6752.7,125195.06,82072.32,902795.47
QTN-00247,2026-06-01,Skyline,Project 61,PCC,Nos,19,406,264,708,1386,7822,2247,47816,49942,10349,457553,11313.2,5656.6,104873.36,68750.32,756253.48
QTN-00248,2026-05-02,ABC Builders,Project 51,Waterproofing,Nos,139,480,431,456,3185,8392,4373,15852,31825,10927,615584,13483.76,6741.88,124994.46,81940.81,901348.9
QTN-00249,2026-10-15,Green Homes,Project 18,Flooring,Nos,436,381,319,70,708,8194,3213,36545,90565,9419,327235,9275.28,4637.64,85981.85,56365.88,620024.64
QTN-00250,2026-05-22,XYZ Infra,Project 99,Earthwork,Nos,222,459,657,607,3826,9401,2066,23602,44626,1655,696174,15321.14,7660.57,142026.97,93106.57,1024172.25
QTN-00251,2026-11-12,SPPS Construction,Project 26,Plastering,Nos,170,424,354,465,3484,6263,2081,39626,32928,1335,588405,13245.88,6622.94,122789.31,80495.21,885447.34
QTN-00252,2026-10-21,XYZ Infra,Project 46,Plastering,Nos,383,537,407,799,173,1792,2121,20298,82679,18032,399522,10410.62,5205.31,96506.45,63265.34,695918.72
QTN-00253,2026-09-07,ABC Builders,Project 45,Plastering,Nos,268,350,142,511,706,1955,642,26787,19971,7905,299412,7081.5,3540.75,65645.51,43034.28,473377.03
QTN-00254,2026-10-05,XYZ Infra,Project 94,Earthwork,Nos,48,198,536,467,3502,8135,2396,38138,98952,14909,518146,13402.9,6701.45,124244.88,81449.42,895943.66
QTN-00255,2026-01-23,ABC Builders,Project 52,Flooring,Nos,130,524,322,882,1701,5509,3740,46847,70235,18513,542787,13567.64,6783.82,125772.02,82450.55,906956.03
QTN-00256,2026-03-21,SPPS Construction,Project 57,RCC,Nos,369,387,507,472,2776,6379,4825,7028,5452,14889,535407,11255.52,5627.76,104338.67,68399.8,752397.75
QTN-00257,2026-10-09,ABC Builders,Project 64,Flooring,Nos,358,426,254,292,647,5813,3232,3211,94112,13645,345321,9125.78,4562.89,84595.98,55457.37,610031.02
QTN-00258,2026-09-18,ABC Builders,Project 7,Flooring,Nos,142,45,350,254,870,6719,478,49969,59716,13210,198210,6422.1,3211.05,59532.87,39027.1,429298.12
QTN-00259,2026-04-17,XYZ Infra,Project 83,RCC,Nos,115,537,353,806,127,4500,1145,44263,96882,15354,413280,11395.58,5697.79,105637.03,69250.94,761760.34
QTN-00260,2026-12-27,XYZ Infra,Project 21,PCC,Nos,302,200,746,21,4207,4627,2585,48994,36738,7043,507326,12002.02,6001.01,111258.73,72936.28,802299.03
QTN-00261,2026-07-25,Green Homes,Project 77,Brickwork,Nos,75,536,722,128,2150,9634,828,46327,55671,10424,553470,13317.84,6658.92,123456.38,80932.51,890257.65
QTN-00262,2026-06-28,Skyline,Project 61,Brickwork,Nos,145,324,278,601,3048,3017,4855,16434,93850,17270,497751,12506.1,6253.05,115931.55,75999.57,835995.27
QTN-00263,2026-06-28,XYZ Infra,Project 39,Earthwork,Nos,166,415,278,337,340,7436,2445,37756,62938,15145,336863,9054.04,4527.02,83930.95,55021.4,605235.41
QTN-00264,2026-12-26,ABC Builders,Project 87,PCC,Nos,402,35,727,23,123,8530,2749,30562,54039,13235,156884,5094.4,2547.2,47225.09,30958.67,340545.36
QTN-00265,2026-09-23,SPPS Construction,Project 34,Waterproofing,Nos,68,66,475,727,3975,197,1975,17400,18910,1943,456616,9897.38,4948.69,91748.71,60146.38,661610.16
QTN-00266,2026-05-27,SPPS Construction,Project 26,PCC,Nos,437,462,301,136,2473,1297,667,19772,93472,9742,444818,11356.08,5678.04,105270.86,69010.9,759119.88
QTN-00267,2026-08-02,SPPS Construction,Project 90,Painting,Nos,92,351,539,881,1142,3487,1726,19063,2068,455,422062,8872.96,4436.48,82252.34,53920.98,593130.76
QTN-00268,2026-11-18,ABC Builders,Project 6,RCC,Nos,146,303,361,682,2947,6265,1864,27838,76441,11255,520079,12712.26,6356.13,117842.65,77252.4,849776.44
QTN-00269,2026-10-27,XYZ Infra,Project 1,RCC,Nos,420,182,210,201,535,8636,4236,45028,71518,1634,236269,7088.98,3544.49,65714.84,43079.73,473877.05
QTN-00270,2026-10-26,SPPS Construction,Project 7,PCC,Nos,312,543,583,731,3999,1037,1833,41347,44170,17219,688764,15830,7915,146744.1,96198.91,1058188.01
QTN-00271,2026-07-03,ABC Builders,Project 86,Flooring,Nos,290,172,234,326,1921,5816,2070,3659,93431,10703,327913,8714.12,4357.06,80779.89,52955.71,582512.78
QTN-00272,2026-04-25,XYZ Infra,Project 29,PCC,Nos,323,291,749,482,1739,6183,3650,20833,41644,4570,432249,9985.92,4992.96,92569.48,60684.44,667528.79
QTN-00273,2026-03-01,SPPS Construction,Project 54,Plastering,Nos,482,376,476,317,897,9353,1673,15792,53008,4584,389092,9249.52,4624.76,85743.05,56209.33,618302.66
QTN-00274,2026-09-22,Green Homes,Project 60,RCC,Nos,129,186,691,490,3262,25,1815,14794,36615,18182,444445,10280.72,5140.36,95302.27,62475.94,687235.29
QTN-00275,2026-01-05,ABC Builders,Project 39,Waterproofing,Nos,22,400,410,365,2212,9519,4128,42457,14667,15777,502780,11513.62,5756.81,106731.26,69968.27,769650.96
QTN-00276,2026-01-16,Skyline,Project 52,Brickwork,Nos,441,262,487,547,3840,6981,1169,32767,58772,15653,567517,13494.18,6747.09,125091.05,82004.13,902045.45
QTN-00277,2026-11-12,SPPS Construction,Project 80,RCC,Nos,60,166,212,218,4433,5357,4645,18721,19901,1694,497796,10762.24,5381.12,99765.96,65402.13,719423.46
QTN-00278,2026-07-09,SPPS Construction,Project 25,PCC,Nos,156,478,138,8,3146,6249,2274,9409,26533,7821,515316,11181.58,5590.79,103653.25,67950.46,747455.08
QTN-00279,2026-12-18,SPPS Construction,Project 80,PCC,Nos,239,68,435,277,2967,6582,3679,33176,85291,18274,377500,10284.82,5142.41,95340.28,62500.85,687509.36
QTN-00280,2026-05-23,SPPS Construction,Project 95,Flooring,Nos,426,513,148,187,3789,3255,2328,20142,68501,14688,577673,13620.08,6810.04,126258.14,82769.23,910461.49
QTN-00281,2026-09-09,ABC Builders,Project 91,Waterproofing,Nos,175,20,692,650,4772,7433,1753,46000,98821,136,561477,14128.68,7064.34,130972.86,85859.99,944459.87
QTN-00282,2026-01-15,Skyline,Project 12,Brickwork,Nos,193,7,666,663,2760,2538,3317,16255,26495,18576,366611,8558.74,4279.37,79339.52,52011.46,572126.09
QTN-00283,2026-02-13,XYZ Infra,Project 70,Painting,Nos,142,457,97,799,4425,5161,309,3838,79934,6266,682762,15456,7728,143277.12,93926.11,1033187.23
QTN-00284,2026-02-21,ABC Builders,Project 67,Brickwork,Nos,335,395,722,707,319,8231,638,40661,97307,16670,410761,11307.98,5653.99,104824.97,68718.59,755904.54
QTN-00285,2026-01-16,XYZ Infra,Project 7,Flooring,Nos,406,117,526,572,3473,3974,3699,28561,56198,19139,459336,11264.68,5632.34,104423.58,68455.46,753010.06
QTN-00286,2026-01-22,Skyline,Project 42,Waterproofing,Nos,430,111,234,679,2628,5562,448,37933,67088,894,392194,9962.18,4981.09,92349.41,60540.17,665941.85
QTN-00287,2026-06-12,XYZ Infra,Project 85,Waterproofing,Nos,428,251,653,563,724,7844,2690,25278,19753,1112,352492,7972.7,3986.35,73906.93,48450.1,532951.08
QTN-00288,2026-09-23,Skyline,Project 94,Earthwork,Nos,278,226,448,322,1792,9667,1414,32980,52362,10463,389330,9702.7,4851.35,89944.03,58963.31,648596.39
QTN-00289,2026-03-12,XYZ Infra,Project 34,Flooring,Nos,345,36,558,654,3228,7291,2066,9261,41463,14524,441814,10141.24,5070.62,94009.29,61628.32,677911.47
QTN-00290,2026-07-21,ABC Builders,Project 99,Painting,Nos,413,394,275,888,1918,2179,3318,45614,64185,19989,470460,12004.96,6002.48,111285.98,72954.14,802495.56
QTN-00291,2026-11-03,XYZ Infra,Project 36,Painting,Nos,136,592,411,41,28,382,1280,1753,44223,7169,310636,7275.62,3637.81,67445,44213.94,486353.37
QTN-00292,2026-04-18,ABC Builders,Project 3,Waterproofing,Nos,14,305,725,783,4720,9478,4497,33934,7393,13222,723531,15561.6,7780.8,144256.03,94567.84,1040246.28
QTN-00293,2026-08-14,Skyline,Project 36,RCC,Nos,106,72,59,586,1763,8516,2788,41118,45914,7901,310581,8110.28,4055.14,75182.3,49286.17,542147.89
QTN-00294,2026-04-02,Skyline,Project 82,Painting,Nos,140,189,55,538,4355,288,1960,35709,76391,17752,484899,12295.02,6147.51,113974.84,74716.84,821885.2
QTN-00295,2026-10-24,Green Homes,Project 63,Plastering,Nos,311,263,506,883,832,7619,3969,4652,24944,19170,392111,8817.54,4408.77,81738.6,53584.19,589426.1
QTN-00296,2026-08-11,Green Homes,Project 22,RCC,Nos,336,434,347,502,3099,1275,269,16177,34088,989,526194,11548.96,5774.48,107058.86,70183.03,772013.33
QTN-00297,2026-11-13,XYZ Infra,Project 80,PCC,Nos,102,368,677,80,4402,5185,2149,33538,20053,19532,603139,13525.24,6762.62,125378.97,82192.88,904121.72
QTN-00298,2026-10-11,XYZ Infra,Project 92,Brickwork,Nos,349,70,62,237,1213,4283,4414,34694,20736,7159,194553,5142.84,2571.42,47674.13,31253.04,343783.43
QTN-00299,2026-11-07,Skyline,Project 21,RCC,Nos,353,244,314,679,1719,3010,2025,41568,63513,9348,371430,9717.18,4858.59,90078.26,59051.3,649564.33
QTN-00300,2026-02-22,SPPS Construction,Project 53,RCC,Nos,281,186,81,403,1419,443,2404,4822,85732,7118,250913,6971.7,3485.85,64627.66,42367.02,466037.23
QTN-00301,2026-04-08,Green Homes,Project 13,Earthwork,Nos,341,587,482,810,1357,4915,1591,38410,25195,6612,542596,12256.26,6128.13,113615.53,74481.29,819294.21
QTN-00302,2026-02-08,XYZ Infra,Project 35,RCC,Nos,405,467,556,802,1266,633,2183,10494,9720,12737,453067,9720.36,4860.18,90107.74,59070.63,649776.9
QTN-00303,2026-12-14,Skyline,Project 2,Brickwork,Nos,490,199,652,382,2076,4193,3554,39530,88045,4628,380348,10251.02,5125.51,95026.96,62295.45,685249.93
QTN-00304,2026-12-07,XYZ Infra,Project 24,PCC,Nos,71,57,146,810,3666,5624,4929,47558,99852,1268,459401,12161.58,6080.79,112737.85,73905.92,812965.14
QTN-00305,2026-08-28,SPPS Construction,Project 71,PCC,Nos,30,390,318,659,805,994,364,15389,11830,7504,348711,7668.68,3834.34,71088.66,46602.57,512628.25
QTN-00306,2026-07-14,XYZ Infra,Project 91,Flooring,Nos,143,200,136,36,4527,5814,1782,26418,55784,6311,493019,11630.64,5815.32,107816.03,70679.4,777473.39
QTN-00307,2026-10-26,Skyline,Project 71,Brickwork,Nos,471,186,238,753,3136,941,3678,5132,71481,18144,439506,10685.26,5342.63,99052.36,64934.33,714277.58
QTN-00308,2026-03-20,XYZ Infra,Project 24,Plastering,Nos,459,273,412,620,1998,8325,2417,42922,94312,19422,449077,12114.66,6057.33,112302.9,73620.79,809828.68
QTN-00309,2026-09-24,SPPS Construction,Project 23,Flooring,Nos,116,119,492,205,2119,354,375,32513,92709,17836,279642,8454,4227,78368.58,51374.96,565124.54
QTN-00310,2026-04-19,XYZ Infra,Project 60,Plastering,Nos,466,217,457,391,1522,7333,1041,29011,32117,13675,354985,8595.76,4297.88,79682.7,52236.43,574600.77
QTN-00311,2026-12-03,Green Homes,Project 27,Earthwork,Nos,237,111,342,326,3824,3096,4367,27436,6823,13159,432365,9595.66,4797.83,88951.77,58312.83,641441.08
QTN-00312,2026-11-17,Green Homes,Project 33,PCC,Nos,428,530,677,354,2368,6437,3801,40596,6469,4253,568037,12387.1,6193.55,114828.42,75276.41,828040.47
QTN-00313,2026-07-24,XYZ Infra,Project 74,Painting,Nos,210,2,198,694,1473,3331,2376,9313,50800,6838,239519,6129.4,3064.7,56819.54,37248.36,409732
QTN-00314,2026-10-19,Green Homes,Project 40,Flooring,Nos,418,474,787,231,2760,1473,3150,34368,79007,7035,525914,12926.48,6463.24,119828.47,78554.22,864096.41
QTN-00315,2026-07-15,ABC Builders,Project 5,Plastering,Nos,89,392,115,870,1319,6336,3632,20372,91175,14624,443245,11388.32,5694.16,105569.73,69206.82,761275.03
QTN-00316,2026-09-05,XYZ Infra,Project 39,Flooring,Nos,33,559,748,418,2050,6687,1802,21058,85642,617,570598,13558.3,6779.15,125685.44,82393.79,906331.68
QTN-00317,2026-03-15,Skyline,Project 100,Plastering,Nos,209,137,172,32,2033,3506,1614,31886,4468,1275,261387,5980.32,2990.16,55437.57,36342.4,399766.45
QTN-00318,2026-09-17,SPPS Construction,Project 57,Flooring,Nos,60,277,297,531,482,2445,4761,29887,40678,8497,272601,7033.26,3516.63,65198.32,42741.12,470152.33
QTN-00319,2026-08-18,SPPS Construction,Project 85,Earthwork,Nos,392,505,488,410,1663,4189,132,13970,71869,1915,473859,11232.26,5616.13,104123.05,68258.44,750842.88
QTN-00320,2026-12-23,XYZ Infra,Project 19,Plastering,Nos,378,192,723,347,3385,8415,4725,30713,52049,5523,511800,12001.7,6000.85,111255.76,72934.33,802277.64
QTN-00321,2026-06-03,XYZ Infra,Project 59,Painting,Nos,364,102,438,34,1435,7654,3616,1233,77386,7720,257493,6876.64,3438.32,63746.45,41789.34,459682.75
QTN-00322,2026-06-24,Skyline,Project 23,Flooring,Nos,72,381,661,765,2115,6612,1641,674,7546,6783,529292,10885.9,5442.95,100912.29,66153.61,727689.76
QTN-00323,2026-02-24,SPPS Construction,Project 16,Painting,Nos,487,224,665,126,2550,4668,3960,28959,71377,6367,401674,10167.54,5083.77,94253.1,61788.14,679669.55
QTN-00324,2026-03-24,Green Homes,Project 93,Earthwork,Nos,69,600,117,337,4465,1965,125,23910,62559,1183,670520,15163.44,7581.72,140565.09,92148.22,1013630.47
QTN-00325,2026-12-14,XYZ Infra,Project 93,Brickwork,Nos,497,499,303,360,994,4942,4702,24405,55858,8194,410778,9984.7,4992.35,92558.17,60677.02,667447.24
QTN-00326,2026-06-26,SPPS Construction,Project 94,Painting,Nos,264,40,445,537,3793,4263,4257,46055,59039,5262,440876,11024.64,5512.32,102198.41,66996.74,736964.11
QTN-00327,2026-03-16,Skyline,Project 86,PCC,Nos,12,342,476,606,4115,5955,770,492,50270,2073,621735,13491.4,6745.7,125065.28,81987.24,901859.62
QTN-00328,2026-09-27,Green Homes,Project 7,RCC,Nos,83,443,652,900,1852,7215,1365,3573,42755,3216,557495,12140.78,6070.39,112545.03,73779.52,811574.72
QTN-00329,2026-04-12,Skyline,Project 81,Painting,Nos,136,149,111,423,4231,1391,1253,6943,67714,6120,456396,10743.46,5371.73,99591.87,65288.01,718168.07
QTN-00330,2026-09-04,XYZ Infra,Project 24,Waterproofing,Nos,188,442,78,738,4086,3092,1071,4035,99513,19504,625957,14980.18,7490.09,138866.27,91034.55,1001380.09
QTN-00331,2026-02-27,ABC Builders,Project 73,Waterproofing,Nos,67,22,580,236,3224,2808,4771,38245,2392,3245,353655,7950.74,3975.37,73703.36,48316.65,531483.12
QTN-00332,2026-10-15,XYZ Infra,Project 39,RCC,Nos,422,342,311,560,3495,6335,3726,29001,11136,7223,562511,12197.42,6098.71,113070.08,74123.72,815360.93
QTN-00333,2026-12-05,SPPS Construction,Project 72,Flooring,Nos,147,282,281,245,1545,3918,3550,12085,84619,7764,329549,8680.34,4340.17,80466.75,52750.43,580254.69
QTN-00334,2026-08-04,ABC Builders,Project 87,PCC,Nos,433,382,309,599,2609,4152,4164,648,91251,7364,501555,12016.36,6008.18,111391.66,73023.42,803257.62
QTN-00335,2026-02-12,XYZ Infra,Project 72,RCC,Nos,343,5,667,193,3067,2767,785,2489,81315,8663,331716,8483.66,4241.83,78643.53,51555.2,567107.22
QTN-00336,2026-09-06,Skyline,Project 35,PCC,Nos,278,573,213,233,2939,8705,1448,28508,82858,17548,594363,14465.54,7232.77,134095.56,87907.09,966977.95
QTN-00337,2026-10-21,ABC Builders,Project 7,Waterproofing,Nos,214,266,230,152,3294,8866,2763,38936,26738,6578,477081,10986.66,5493.33,101846.34,66765.93,734425.26
QTN-00338,2026-06-02,Skyline,Project 50,PCC,Nos,277,311,25,441,4456,7569,2294,46548,41739,1052,591916,13625.1,6812.55,126304.68,82799.73,910797.06
QTN-00339,2026-02-17,Skyline,Project 65,Brickwork,Nos,386,569,715,703,2065,1274,4883,41783,54921,182,567560,13288.92,6644.46,123188.29,80756.77,888324.44
QTN-00340,2026-07-17,XYZ Infra,Project 47,Waterproofing,Nos,142,88,174,283,1025,2150,2666,14818,15811,10839,184221,4513.78,2256.89,41842.74,27430.24,301732.65
QTN-00341,2026-12-11,XYZ Infra,Project 54,Brickwork,Nos,498,334,789,434,3474,5062,1263,44419,62767,12857,567809,13757.04,6878.52,127527.76,83601.53,919616.85
QTN-00342,2026-02-28,ABC Builders,Project 90,Plastering,Nos,263,290,712,576,2702,2771,3434,40034,13574,8221,484832,10933.22,5466.61,101350.95,66441.18,730852.96
QTN-00343,2026-04-21,XYZ Infra,Project 30,Waterproofing,Nos,166,12,155,723,89,7921,2990,36978,41856,1294,177593,5154.42,2577.21,47781.47,31323.41,344557.51
QTN-00344,2026-03-14,SPPS Construction,Project 95,PCC,Nos,465,369,755,592,4762,1197,2100,37074,75058,1645,666316,15601.86,7800.93,144629.24,94812.5,1042937.54
QTN-00345,2026-05-17,XYZ Infra,Project 21,RCC,Nos,18,162,503,877,3647,8049,1663,12648,93378,4923,557960,13378.18,6689.09,124015.73,81299.2,894291.2
QTN-00346,2026-03-27,Skyline,Project 95,PCC,Nos,291,374,248,897,3331,8994,2762,39780,51751,15094,620319,14538.88,7269.44,134775.42,88352.77,971880.51
QTN-00347,2026-12-04,ABC Builders,Project 58,RCC,Nos,296,343,646,280,4211,8827,1726,49861,45322,4983,627797,14559.26,7279.63,134964.34,88476.62,973242.85
QTN-00348,2026-03-24,Skyline,Project 1,Brickwork,Nos,387,115,633,317,3032,1506,1420,36907,75011,11186,381298,10088.04,5044.02,93516.13,61305.02,674355.21
QTN-00349,2026-12-17,ABC Builders,Project 32,Waterproofing,Nos,89,362,730,49,2698,7449,2648,34009,63023,2718,491770,11830.4,5915.2,109667.81,71893.34,790826.75
QTN-00350,2026-03-19,XYZ Infra,Project 99,RCC,Nos,169,159,320,789,1413,7310,2365,24551,72704,10945,358650,9337,4668.5,86553.99,56740.95,624150.44
QTN-00351,2026-02-01,Green Homes,Project 52,Flooring,Nos,125,401,594,766,2495,6587,1202,40696,56436,19047,560913,13541.84,6770.92,125532.86,82293.76,905231.38
QTN-00352,2026-05-16,ABC Builders,Project 30,Plastering,Nos,51,385,255,706,4664,475,4037,12199,87129,2308,636007,14752.86,7376.43,136759.01,89653.13,986184.43
QTN-00353,2026-02-18,ABC Builders,Project 44,Earthwork,Nos,355,581,215,50,4096,7682,883,23173,66196,9185,654189,15054.86,7527.43,139558.55,91488.38,1006372.23
QTN-00354,2026-08-27,Green Homes,Project 19,Earthwork,Nos,335,471,353,384,1990,8713,4513,4248,2374,14150,509737,10610.18,5305.09,98356.37,64478.06,709258.7
QTN-00355,2026-09-28,Green Homes,Project 63,Painting,Nos,239,300,157,399,4294,8786,999,35371,5461,4159,588777,12675.36,6337.68,117500.59,77028.16,847309.79
QTN-00356,2026-07-22,ABC Builders,Project 33,Brickwork,Nos,78,90,117,373,2529,4547,3897,21747,83422,9188,324568,8778.5,4389.25,81376.69,53346.94,586816.39
QTN-00357,2026-12-21,ABC Builders,Project 50,RCC,Nos,107,346,421,106,2510,7096,204,46023,58016,2212,447322,11071.46,5535.73,102632.43,67281.26,740093.89
QTN-00358,2026-08-24,Skyline,Project 96,PCC,Nos,87,380,209,221,1688,1703,4650,960,76934,18443,359114,9109.02,4554.51,84440.62,55355.51,608910.66
QTN-00359,2026-08-15,XYZ Infra,Project 17,Brickwork,Nos,403,258,221,819,2729,7762,833,49052,80469,15171,499664,12887.12,6443.56,119463.6,78315.03,861465.31
QTN-00360,2026-12-04,Green Homes,Project 33,Flooring,Nos,88,276,721,787,1288,3786,443,3176,2433,10428,403651,8393.76,4196.88,77810.16,51008.88,561097.67
QTN-00361,2026-04-01,Skyline,Project 91,RCC,Nos,373,67,276,366,3112,8906,2245,44689,78638,16658,403043,10860.56,5430.28,100677.39,65999.62,725995.85
QTN-00362,2026-09-12,ABC Builders,Project 90,Brickwork,Nos,335,416,0,619,4974,9685,1564,49606,99444,7071,713574,17393.9,8696.95,161241.45,105702.73,1162730.03
QTN-00363,2026-01-07,ABC Builders,Project 88,Flooring,Nos,159,17,622,791,1235,3213,1644,22470,79731,4786,272303,7585.8,3792.9,70320.37,46098.91,507087.97
QTN-00364,2026-03-19,Green Homes,Project 30,Painting,Nos,157,0,249,847,3780,7960,2099,2308,59654,15933,470839,10974.68,5487.34,101735.28,66693.13,733624.43
QTN-00365,2026-07-27,SPPS Construction,Project 98,Brickwork,Nos,111,486,385,574,3733,8987,1153,46016,79747,6890,671404,16081.14,8040.57,149072.17,97725.09,1074975.97
QTN-00366,2026-06-03,Green Homes,Project 68,Earthwork,Nos,438,323,531,745,1909,9484,1946,8708,40271,3383,498223,11011.7,5505.85,102078.46,66918.1,736099.11
QTN-00367,2026-10-09,XYZ Infra,Project 78,PCC,Nos,262,333,556,1,2185,2739,2463,18095,15163,6779,382700,8454.74,4227.37,78375.44,51379.45,565174
QTN-00368,2026-03-18,ABC Builders,Project 39,RCC,Nos,226,62,139,571,2526,4786,212,29721,30889,14280,335490,8207.6,4103.8,76084.45,49877.59,548653.44
QTN-00369,2026-04-22,SPPS Construction,Project 80,Brickwork,Nos,417,276,702,880,3635,354,3900,25373,96618,371,565317,13753.58,6876.79,127495.69,83580.51,919385.56
QTN-00370,2026-11-03,XYZ Infra,Project 74,Earthwork,Nos,243,135,784,9,2131,217,2635,43376,28261,4633,288746,7300.32,3650.16,67673.97,44364.04,488004.49
QTN-00371,2026-02-05,SPPS Construction,Project 72,PCC,Nos,480,86,279,459,3579,4487,3292,8740,48886,10984,423713,9846.46,4923.23,91276.68,59836.94,658206.31
QTN-00372,2026-07-05,SPPS Construction,Project 75,Waterproofing,Nos,337,350,741,479,801,441,4592,8524,35577,19315,342455,8117.42,4058.71,75248.48,49329.56,542625.17
QTN-00373,2026-09-21,SPPS Construction,Project 44,PCC,Nos,195,172,112,425,4465,7738,3728,27509,77402,9469,537867,13044.94,6522.47,120926.59,79274.1,872015.1
QTN-00374,2026-09-24,XYZ Infra,Project 63,Flooring,Nos,337,37,246,797,545,3645,3576,44425,60283,11085,205581,6427.48,3213.74,59582.74,39059.8,429657.76
QTN-00375,2026-05-24,Green Homes,Project 34,Flooring,Nos,134,399,269,184,2635,5712,174,10220,40212,1208,466645,10365.7,5182.85,96090.04,62992.36,692915.95
QTN-00376,2026-02-23,XYZ Infra,Project 45,Painting,Nos,271,297,220,249,1103,4947,2662,352,7903,10211,306093,6491.18,3245.59,60173.24,39446.9,433915.91
QTN-00377,2026-02-24,Skyline,Project 92,RCC,Nos,229,425,144,601,3035,8155,3304,29038,38790,15489,571059,13087.52,6543.76,121321.31,79532.86,874861.45
QTN-00378,2026-12-26,Skyline,Project 72,Painting,Nos,371,452,583,146,3836,6904,4103,47986,35317,12231,614595,14202.58,7101.29,131657.92,86309.08,949399.87
QTN-00379,2026-04-11,ABC Builders,Project 14,Plastering,Nos,492,445,572,735,2590,9754,4961,7343,72408,732,611453,13838.72,6919.36,128284.93,84097.9,925076.92
QTN-00380,2026-06-28,Green Homes,Project 49,RCC,Nos,138,46,489,57,2706,5970,3946,19008,85441,351,321316,8522.32,4261.16,79001.91,51790.14,569691.53
QTN-00381,2026-08-10,Skyline,Project 83,RCC,Nos,396,548,23,549,4944,2382,2934,42125,72530,3818,707110,16511.66,8255.83,153063.09,100341.36,1103754.94
QTN-00382,2026-09-15,ABC Builders,Project 43,Waterproofing,Nos,381,453,171,314,1127,555,2828,10865,23189,251,347003,7626.16,3813.08,70694.5,46344.17,509785.92
QTN-00383,2026-05-02,Green Homes,Project 71,Earthwork,Nos,137,498,200,50,146,1687,3488,6277,5560,2444,274034,5766.3,2883.15,53453.6,35041.81,385459.86
QTN-00384,2026-12-12,Skyline,Project 96,Plastering,Nos,288,230,281,239,3960,6164,1168,25650,33850,11491,502140,11462.62,5731.31,106258.49,69658.34,766241.76
QTN-00385,2026-11-21,Green Homes,Project 80,PCC,Nos,214,403,561,248,2983,7287,924,36793,92296,9532,538935,13551.12,6775.56,125618.88,82350.16,905851.72
QTN-00386,2026-02-19,Skyline,Project 38,Plastering,Nos,220,227,781,187,261,9967,3010,53,60837,3878,289391,7083.18,3541.59,65661.08,43044.48,473489.33
QTN-00387,2026-04-15,Skyline,Project 78,Painting,Nos,89,332,66,498,3983,7449,2642,18007,3075,12411,575399,12177.84,6088.92,112888.58,74004.73,814052.07
QTN-00388,2026-04-19,Green Homes,Project 100,RCC,Nos,154,243,524,546,288,9344,1895,19493,83006,16346,315037,8677.64,4338.82,80441.72,52734.02,580074.2
QTN-00389,2026-03-18,Green Homes,Project 79,PCC,Nos,380,544,702,456,536,54,1859,47452,33951,18450,398171,9960.48,4980.24,92333.65,60529.84,665828.21
QTN-00390,2026-08-28,Skyline,Project 7,Waterproofing,Nos,278,360,37,553,4473,1824,4748,21134,75244,2229,586135,13694.84,6847.42,126951.17,83223.54,915458.97
QTN-00391,2026-02-04,SPPS Construction,Project 84,PCC,Nos,20,293,765,822,4658,4166,3788,20028,48321,17614,678156,15282.38,7641.19,141667.66,92871.02,1021581.26
QTN-00392,2026-01-07,SPPS Construction,Project 25,Brickwork,Nos,251,115,531,680,2793,5674,391,48499,94242,4799,431088,11572.56,5786.28,107277.63,70326.45,773590.92
QTN-00393,2026-01-02,Green Homes,Project 22,Waterproofing,Nos,113,58,660,666,1630,6943,2023,43969,22617,6208,338637,8228.62,4114.31,76279.31,50005.32,550058.56
QTN-00394,2026-01-24,Skyline,Project 38,RCC,Nos,349,352,291,220,3590,8857,3937,42333,85237,6174,552123,13717.34,6858.67,127159.74,83360.28,916963.03
QTN-00395,2026-07-06,SPPS Construction,Project 22,RCC,Nos,415,298,73,829,2473,8670,1591,17814,93031,2743,495846,12188.68,6094.34,112989.06,74070.61,814776.69
QTN-00396,2026-01-12,ABC Builders,Project 73,RCC,Nos,316,345,411,900,3345,9582,291,36892,4810,11900,623952,13551.08,6775.54,125618.51,82349.91,905849.04
QTN-00397,2026-04-25,Green Homes,Project 43,Flooring,Nos,315,300,50,711,3732,1729,710,2193,50803,14843,518762,11732.02,5866.01,108755.83,71295.49,784250.34
QTN-00398,2026-10-08,SPPS Construction,Project 23,Plastering,Nos,448,82,221,134,3297,8207,3356,13312,81364,6107,386947,9754.6,4877.3,90425.14,59278.7,652065.75
QTN-00399,2026-03-01,ABC Builders,Project 98,PCC,Nos,26,288,550,496,1217,2434,2368,8769,93991,6766,346235,9115.22,4557.61,84498.09,55393.19,609325.11
QTN-00400,2026-11-28,SPPS Construction,Project 17,PCC,Nos,455,450,277,107,3666,9514,990,10731,67036,8476,589552,13515.9,6757.95,125292.39,82136.12,903497.37
QTN-00401,2026-01-02,XYZ Infra,Project 49,Brickwork,Nos,136,436,751,496,2339,8477,3064,22219,85495,10286,562105,13602.1,6801.05,126091.47,82659.96,909259.58
QTN-00402,2026-06-13,Green Homes,Project 72,Brickwork,Nos,169,553,720,47,3426,9315,1565,24089,85966,17312,645125,15449.84,7724.92,143220.02,93888.68,1032775.45
QTN-00403,2026-08-27,XYZ Infra,Project 90,Painting,Nos,317,91,421,125,1394,1902,1849,45770,63969,10966,211245,6639,3319.5,61543.53,40345.2,443797.23
QTN-00404,2026-01-18,XYZ Infra,Project 33,Flooring,Nos,109,149,410,725,3042,4075,4680,53,24723,3956,452280,9620.24,4810.12,89179.62,58462.2,643084.18
QTN-00405,2026-10-10,XYZ Infra,Project 65,Waterproofing,Nos,178,207,106,139,3087,709,3105,8923,57930,947,358612,8528.24,4264.12,79056.78,51826.11,570087.26
QTN-00406,2026-05-02,SPPS Construction,Project 19,Flooring,Nos,44,272,572,543,1556,6592,4494,33505,71976,17837,407250,10611.36,5305.68,98367.31,64485.23,709337.58
QTN-00407,2026-01-19,XYZ Infra,Project 41,Brickwork,Nos,119,432,46,653,4659,9005,3541,11342,39074,5950,701446,15156.24,7578.12,140498.34,92104.47,1013149.18
QTN-00408,2026-11-01,Green Homes,Project 54,RCC,Nos,248,527,296,374,3789,444,4792,4633,28886,16049,598229,12955.94,6477.97,120101.56,78733.25,866065.72
QTN-00409,2026-04-28,SPPS Construction,Project 52,Painting,Nos,312,114,772,386,1280,6952,1775,13448,8626,13201,312771,6960.92,3480.46,64527.73,42301.51,465316.62
QTN-00410,2026-04-18,Green Homes,Project 92,Earthwork,Nos,212,52,634,801,1169,2259,4173,20514,24372,13582,280160,6772.56,3386.28,62781.63,41156.85,452725.32
QTN-00411,2026-01-19,SPPS Construction,Project 64,Flooring,Nos,392,64,614,742,1620,4565,3567,5641,20746,7303,328547,7244.74,3622.37,67158.74,44026.28,484289.13
QTN-00412,2026-10-06,SPPS Construction,Project 82,Brickwork,Nos,250,149,489,896,754,5046,2316,2562,4098,7138,312924,6534.44,3267.22,60574.26,39709.79,436807.71
QTN-00413,2026-05-22,XYZ Infra,Project 44,PCC,Nos,111,205,589,867,2108,9352,1725,43134,50890,5234,478051,11546.18,5773.09,107033.09,70166.14,771827.49
QTN-00414,2026-03-22,Skyline,Project 91,Earthwork,Nos,394,446,416,528,476,8316,347,6428,20480,4565,399915,8627.76,4313.88,79979.34,52430.9,576739.87
QTN-00415,2026-10-18,ABC Builders,Project 96,Earthwork,Nos,223,283,350,610,1933,994,1679,30272,76056,2671,383156,9843.1,4921.55,91245.54,59816.52,657981.71
QTN-00416,2026-05-08,XYZ Infra,Project 51,Brickwork,Nos,143,357,506,852,4212,6313,2310,27827,68885,19258,672084,15761.08,7880.54,146105.21,95780.08,1053580.91
QTN-00417,2026-12-03,Green Homes,Project 17,Brickwork,Nos,283,273,114,318,2085,4329,2545,22844,6489,3921,363682,7938.72,3969.36,73591.93,48243.6,530679.62
QTN-00418,2026-02-27,Skyline,Project 55,Brickwork,Nos,330,447,538,479,269,4593,953,40281,88494,19173,359542,10149.8,5074.9,94088.65,61680.33,678483.68
QTN-00419,2026-05-04,ABC Builders,Project 67,Waterproofing,Nos,76,204,187,473,3620,7409,4260,28127,78427,1856,498552,12139.24,6069.62,112530.75,73770.16,811471.78
QTN-00420,2026-07-14,Skyline,Project 40,Painting,Nos,286,198,707,332,2785,258,3243,12307,92190,10003,399682,10283.64,5141.82,95329.34,62493.68,687430.48
QTN-00421,2026-12-05,Green Homes,Project 38,PCC,Nos,376,369,387,345,4822,9481,281,31344,81196,16983,676189,16114.24,8057.12,149379,97926.24,1077188.6
QTN-00422,2026-01-26,Green Homes,Project 88,Painting,Nos,437,208,443,739,2699,9448,2763,4348,97114,14289,498492,12284.86,6142.43,113880.65,74655.09,821206.04
QTN-00423,2026-06-06,XYZ Infra,Project 56,Flooring,Nos,349,48,426,599,1732,5798,531,36572,13116,9688,304375,7275.02,3637.51,67439.44,44210.3,486313.26
QTN-00424,2026-12-01,SPPS Construction,Project 99,Flooring,Nos,384,433,529,756,1196,9503,1672,29354,56584,1862,495286,11661.72,5830.86,108104.14,70868.27,779551
QTN-00425,2026-01-17,ABC Builders,Project 27,Earthwork,Nos,165,259,725,274,3253,2771,1499,23597,72889,11609,475072,11663.34,5831.67,108119.16,70878.12,779659.29
QTN-00426,2026-10-16,ABC Builders,Project 47,Waterproofing,Nos,36,130,733,103,1063,4005,659,9111,79214,10172,241924,6808.42,3404.21,63114.05,41374.77,455122.45
QTN-00427,2026-08-07,Green Homes,Project 14,Painting,Nos,256,146,48,161,2130,1471,4984,14101,63867,5698,265362,6980.56,3490.28,64709.79,42420.86,466629.49
QTN-00428,2026-09-24,SPPS Construction,Project 32,Painting,Nos,141,157,192,429,319,3402,3048,24587,74708,9607,191679,6011.62,3005.81,55727.72,36532.61,401858.76
QTN-00429,2026-01-13,SPPS Construction,Project 40,Painting,Nos,397,69,557,494,1941,4946,3478,24075,80225,11813,323511,8792.48,4396.24,81506.29,53431.9,587750.91
QTN-00430,2026-12-01,SPPS Construction,Project 85,RCC,Nos,324,490,181,70,3467,5780,2692,26500,65948,10873,552337,13113.16,6556.58,121558.99,79688.67,876575.41
QTN-00431,2026-08-22,Green Homes,Project 40,RCC,Nos,171,403,686,591,1275,7706,3642,14037,43742,15320,468065,10823.28,5411.64,100331.81,65773.07,723503.8
QTN-00432,2026-04-01,SPPS Construction,Project 80,Plastering,Nos,87,7,410,814,153,8180,3227,43869,84637,12235,213772,7090.26,3545.13,65726.71,43087.51,473962.61
QTN-00433,2026-03-27,ABC Builders,Project 72,Plastering,Nos,241,358,87,845,2258,4975,1914,18738,40666,15226,480524,11103.08,5551.54,102925.55,67473.42,742207.59
QTN-00434,2026-01-12,Skyline,Project 14,RCC,Nos,100,494,511,597,1676,2607,4617,6206,64646,4711,485993,11231.12,5615.56,104112.48,68251.52,750766.68
QTN-00435,2026-03-09,SPPS Construction,Project 91,RCC,Nos,310,192,639,470,2327,2861,2900,32488,52322,12021,394233,9821.28,4910.64,91043.27,59683.92,656523.1
QTN-00436,2026-08-01,SPPS Construction,Project 43,RCC,Nos,338,189,132,795,2900,8266,3994,18239,23563,10832,478632,10625.32,5312.66,98496.72,64570.07,710270.77
QTN-00437,2026-08-20,XYZ Infra,Project 50,Plastering,Nos,465,357,80,254,3954,3053,2261,15766,14154,10009,520765,11213.88,5606.94,103952.67,68146.75,749614.24
QTN-00438,2026-04-22,Skyline,Project 11,Flooring,Nos,235,60,138,679,934,7453,1271,46581,83154,19185,250465,7987.7,3993.85,74045.98,48541.25,533953.78
QTN-00439,2026-10-18,ABC Builders,Project 61,PCC,Nos,247,445,689,104,4817,6277,564,2074,47598,16761,679905,14926.76,7463.38,138371.07,90709.92,997809.13
QTN-00440,2026-05-17,ABC Builders,Project 98,RCC,Nos,397,524,500,244,1552,4182,1911,4053,63499,15479,456847,10797.56,5398.78,100093.38,65616.77,721784.49
QTN-00441,2026-10-18,SPPS Construction,Project 23,Waterproofing,Nos,283,174,540,329,1417,202,2350,14690,87035,8057,271221,7620.06,3810.03,70637.96,46307.1,509378.15
QTN-00442,2026-07-05,Green Homes,Project 68,Plastering,Nos,304,372,120,461,1572,5145,2244,45442,38067,18371,393624,9910.08,4955.04,91866.44,60223.56,662459.12
QTN-00443,2026-12-22,Green Homes,Project 44,Earthwork,Nos,410,185,150,235,2074,1586,4853,29302,89687,5134,296541,8413.28,4206.64,77991.11,51127.5,562402.53
QTN-00444,2026-02-25,Green Homes,Project 44,Brickwork,Nos,43,334,596,430,1831,9281,3155,33659,54245,13364,464308,11311.52,5655.76,104857.79,68740.11,756141.18
QTN-00445,2026-11-04,SPPS Construction,Project 91,Painting,Nos,337,567,566,800,4741,4548,1037,19058,54396,17805,789426,17613.7,8806.85,163279,107038.45,1177423
QTN-00446,2026-02-21,SPPS Construction,Project 58,Plastering,Nos,73,406,298,350,2466,3169,3626,21560,97006,3435,462468,11689.38,5844.69,108360.55,71036.36,781399.98
QTN-00447,2026-11-14,XYZ Infra,Project 48,Earthwork,Nos,189,66,735,44,2223,3026,3099,5248,53248,4857,287812,7023.3,3511.65,65105.99,42680.59,469486.54
QTN-00448,2026-09-19,Green Homes,Project 83,Plastering,Nos,276,396,444,36,744,7975,3383,31171,40975,16126,341023,8585.9,4292.95,79591.29,52176.51,573941.66
QTN-00449,2026-06-10,SPPS Construction,Project 42,PCC,Nos,165,100,554,897,3246,523,1289,47258,9920,19344,445883,10448.1,5224.05,96853.89,63493.1,698424.14
QTN-00450,2026-07-18,SPPS Construction,Project 92,Earthwork,Nos,173,464,98,562,1832,7612,1825,28620,2571,7923,484201,10466.3,5233.15,97022.6,63603.71,699640.76
QTN-00451,2026-07-19,ABC Builders,Project 66,Flooring,Nos,469,401,634,797,2575,4850,2340,5708,99645,19029,561075,13709.14,6854.57,127083.73,83310.44,916414.88
QTN-00452,2026-07-24,SPPS Construction,Project 71,Flooring,Nos,133,576,237,637,4465,5399,4194,2605,74192,18496,736861,16643.08,8321.54,154281.35,101140,1112539.97
QTN-00453,2026-10-22,ABC Builders,Project 64,Painting,Nos,233,268,679,536,550,1480,2465,150,69761,16159,294795,7617.3,3808.65,70612.37,46290.33,509193.65
QTN-00454,2026-10-22,XYZ Infra,Project 3,Plastering,Nos,438,367,230,777,3958,3259,2502,28032,5112,17709,602214,13061.34,6530.67,121078.62,79373.76,873111.39
QTN-00455,2026-02-11,ABC Builders,Project 55,PCC,Nos,382,31,295,849,477,1922,4348,43277,61245,4412,194929,6077.26,3038.63,56336.2,36931.51,406246.6
QTN-00456,2026-04-17,Green Homes,Project 11,Brickwork,Nos,459,295,578,825,1238,6393,3153,36867,2614,6485,425137,9422.06,4711.03,87342.5,57257.86,629836.44
QTN-00457,2026-03-04,XYZ Infra,Project 36,RCC,Nos,66,541,442,896,4548,2879,420,11758,43959,18867,750882,16509.32,8254.66,153041.4,100327.14,1103598.51
QTN-00458,2026-11-12,XYZ Infra,Project 41,Earthwork,Nos,231,339,154,763,3073,4224,3016,27582,57964,16660,523713,12518.38,6259.19,116045.38,76074.2,836816.15
QTN-00459,2026-12-27,ABC Builders,Project 92,Waterproofing,Nos,342,264,324,133,4406,2525,335,3524,57036,5311,511665,11550.72,5775.36,107075.17,70193.73,772130.98
QTN-00460,2026-06-27,ABC Builders,Project 74,Plastering,Nos,153,174,123,412,3139,6807,3026,40562,74856,9155,430487,11101.2,5550.6,102908.12,67461.99,742081.92
QTN-00461,2026-11-28,SPPS Construction,Project 46,Waterproofing,Nos,350,21,398,503,278,487,2797,16717,42446,4037,129193,3847.86,1923.93,35669.66,23383.45,257217.9
QTN-00462,2026-06-07,XYZ Infra,Project 40,Plastering,Nos,71,37,245,237,2467,1597,3474,10766,26947,18046,265965,6434.48,3217.24,59647.63,39102.33,430125.68
QTN-00463,2026-09-26,Skyline,Project 4,Plastering,Nos,393,108,738,577,3421,6045,4361,5335,55012,9620,486176,11122.86,5561.43,103108.91,67593.62,743529.82
QTN-00464,2026-01-09,XYZ Infra,Project 79,Waterproofing,Nos,455,271,76,19,3730,3506,3766,30774,82019,1210,441874,11117.54,5558.77,103059.6,67561.29,743174.2
QTN-00465,2026-05-16,Skyline,Project 33,RCC,Nos,362,71,681,343,2661,710,4882,34828,69822,9581,337727,9039.16,4519.58,83793.01,54930.98,604240.73
QTN-00466,2026-08-13,Green Homes,Project 66,Flooring,Nos,244,245,361,32,2593,6340,3655,13228,3863,19086,391820,8559.94,4279.97,79350.64,52018.76,572206.31
QTN-00467,2026-11-15,SPPS Construction,Project 44,Plastering,Nos,65,286,656,1,4721,5329,3665,19798,73180,5296,581672,13598.92,6799.46,126061.99,82640.64,909047.01
QTN-00468,2026-08-10,Skyline,Project 59,Brickwork,Nos,411,534,192,110,3393,9720,2215,2678,41313,12086,603310,13187.74,6593.87,122250.35,80141.9,881560.86
QTN-00469,2026-03-17,XYZ Infra,Project 21,Flooring,Nos,64,52,363,481,784,2917,1565,21319,77815,2501,193861,5909.92,2954.96,54784.96,35914.58,395060.42
QTN-00470,2026-02-26,ABC Builders,Project 94,Earthwork,Nos,424,470,386,604,4434,8311,3700,46886,70750,11819,717598,16941.06,8470.53,157043.63,102950.82,1132459.04
QTN-00471,2026-10-04,Skyline,Project 25,Brickwork,Nos,364,449,368,175,1504,366,4498,24162,66709,19849,372716,9668.72,4834.36,89629.03,58756.81,646324.93
QTN-00472,2026-06-17,ABC Builders,Project 54,Plastering,Nos,225,434,14,657,3912,4525,4219,46750,87965,16692,609079,15209.72,7604.86,140994.1,92429.47,1016724.15
QTN-00473,2026-06-06,XYZ Infra,Project 36,Flooring,Nos,23,375,19,19,1443,9391,4598,20877,60687,2676,360501,8894.82,4447.41,82454.98,54053.82,594592.03
QTN-00474,2026-01-13,Green Homes,Project 27,Painting,Nos,444,393,407,831,1918,6506,1279,37212,43580,8778,506307,11917.54,5958.77,110475.6,72422.89,796651.8
QTN-00475,2026-11-06,SPPS Construction,Project 85,Flooring,Nos,257,142,740,220,2810,9500,3402,23600,7879,9680,439652,9616.22,4808.11,89142.36,58437.77,642815.46
QTN-00476,2026-01-20,ABC Builders,Project 58,Waterproofing,Nos,342,511,307,462,4687,2242,4811,11806,97308,14647,684222,16159.66,8079.83,149800.05,98202.25,1080224.79
QTN-00477,2026-07-24,Skyline,Project 7,Waterproofing,Nos,175,247,687,864,432,550,3696,36200,23525,19689,310286,7794,3897,72250.38,47364.14,521005.52
QTN-00478,2026-09-24,Green Homes,Project 22,Brickwork,Nos,294,252,557,726,4620,2348,3831,46646,19859,14850,614195,13911,6955.5,128954.97,84537.15,929908.62
QTN-00479,2026-09-20,XYZ Infra,Project 60,RCC,Nos,233,150,437,552,4696,2442,2511,4132,90458,1625,542947,12783.24,6391.62,118500.63,77683.75,854521.24
QTN-00480,2026-10-17,SPPS Construction,Project 90,Waterproofing,Nos,359,88,771,734,1905,9989,2397,29670,85285,15454,414544,10899.06,5449.53,101034.29,66233.59,728569.46
QTN-00481,2026-07-21,Green Homes,Project 53,RCC,Nos,168,154,50,507,684,4674,2081,4756,63703,17734,224913,6222.12,3111.06,57679.05,37811.82,415930.06
QTN-00482,2026-08-25,ABC Builders,Project 31,Plastering,Nos,340,283,338,159,4369,3151,4963,26583,5091,5810,531316,11376,5688,105455.52,69131.95,760451.47
QTN-00483,2026-03-24,XYZ Infra,Project 83,Plastering,Nos,117,232,201,142,2445,5549,100,35760,29778,1989,365387,8658.28,4329.14,80262.26,52616.37,578780.04
QTN-00484,2026-01-27,XYZ Infra,Project 84,Flooring,Nos,141,12,199,880,1364,9692,2206,13033,25388,4034,308962,7028.34,3514.17,65152.71,42711.22,469823.44
QTN-00485,2026-07-09,ABC Builders,Project 39,RCC,Nos,73,480,566,44,2281,3163,2391,14482,7723,11224,465330,9975.18,4987.59,92469.92,60619.17,666810.86
QTN-00486,2026-07-22,SPPS Construction,Project 74,Waterproofing,Nos,362,108,319,807,361,9884,333,18360,57088,13837,277440,7334.5,3667.25,67990.82,44571.76,490289.32
QTN-00487,2026-07-24,Green Homes,Project 59,Waterproofing,Nos,341,234,673,234,1570,4631,3414,45036,39110,12937,345432,8850.3,4425.15,82042.28,53783.27,591616
QTN-00488,2026-04-21,Green Homes,Project 88,RCC,Nos,202,578,346,317,3843,7118,3267,48413,2958,1710,674256,14546.74,7273.37,134848.28,88400.54,972405.93
QTN-00489,2026-07-02,Green Homes,Project 23,Flooring,Nos,12,212,790,575,2920,4668,4695,25712,92743,11634,488639,12374.56,6187.28,114712.17,75200.2,827202.21
QTN-00490,2026-09-19,SPPS Construction,Project 33,Plastering,Nos,459,401,793,625,2293,2806,2783,14916,17336,15805,516096,11283.06,5641.53,104593.97,68567.16,754238.71
QTN-00491,2026-07-12,Green Homes,Project 15,Brickwork,Nos,144,442,381,114,621,2758,2131,9801,91582,10153,313830,8507.32,4253.66,78862.86,51698.98,568688.82
QTN-00492,2026-01-18,XYZ Infra,Project 56,Brickwork,Nos,102,34,231,518,3105,1967,3613,21322,33563,3285,348164,8126.68,4063.34,75334.32,49385.83,543244.18
QTN-00493,2026-08-06,SPPS Construction,Project 48,Earthwork,Nos,165,541,796,616,874,3364,4746,10068,13706,3002,478258,10100.68,5050.34,93633.3,61381.83,675200.16
QTN-00494,2026-08-11,XYZ Infra,Project 96,Flooring,Nos,54,591,29,273,1345,5313,1706,4511,56682,17983,446115,10505.82,5252.91,97388.95,63843.87,702282.55
QTN-00495,2026-06-27,ABC Builders,Project 34,Painting,Nos,332,349,531,428,663,9196,2034,36059,26309,16006,376217,9091.82,4545.91,84281.17,55250.99,607760.89
QTN-00496,2026-12-18,Skyline,Project 91,Brickwork,Nos,206,526,414,248,584,1861,3763,21074,52688,7071,362031,8857.28,4428.64,82106.99,53825.69,592082.6
QTN-00497,2026-11-14,XYZ Infra,Project 96,Waterproofing,Nos,454,453,569,421,545,1673,630,14174,5712,1104,354779,7515.38,3757.69,69667.57,45670.96,502380.61
QTN-00498,2026-12-14,ABC Builders,Project 92,Earthwork,Nos,163,159,121,738,4861,1355,1889,28243,62451,8418,547094,12924.12,6462.06,119806.59,78539.88,863938.65
QTN-00499,2026-02-25,Green Homes,Project 75,Painting,Nos,394,476,530,254,931,8331,3806,14665,26871,2705,427359,9432,4716,87434.64,57318.26,630500.9
QTN-00500,2026-06-16,Skyline,Project 70,Plastering,Nos,487,573,184,567,3271,3912,1563,43025,33854,8739,618794,14088.24,7044.12,130597.98,85614.23,941756.58
QTN-00501,2026-06-28,SPPS Construction,Project 17,Painting,Nos,27,93,484,326,236,8954,2676,40068,26621,13185,211698,5831.44,2915.72,54057.45,35437.66,389814.27
QTN-00502,2026-12-01,ABC Builders,Project 29,Flooring,Nos,208,32,594,651,416,5758,4188,4496,54646,7702,221492,5766.72,2883.36,53457.49,35044.36,385487.93
QTN-00503,2026-09-05,Green Homes,Project 65,Painting,Nos,386,92,161,484,3036,4310,2990,14961,47276,13340,377530,9062.14,4531.07,84006.04,55070.62,605776.87
QTN-00504,2026-09-23,SPPS Construction,Project 79,Flooring,Nos,206,549,340,365,4278,2906,2360,41989,10298,9153,664508,14518.96,7259.48,134590.76,88231.72,970548.92
QTN-00505,2026-09-07,XYZ Infra,Project 100,Plastering,Nos,17,525,622,220,3314,6450,1825,24260,60714,13671,614385,14260.6,7130.3,132195.76,86661.67,953278.33
QTN-00506,2026-07-22,Skyline,Project 25,Painting,Nos,452,478,30,871,2015,3420,1420,30266,49599,19038,501925,12016.56,6008.28,111393.51,73024.64,803270.99
QTN-00507,2026-05-07,SPPS Construction,Project 35,RCC,Nos,411,361,67,179,1711,7095,1591,24257,71892,17078,375966,9783.86,4891.93,90696.38,59456.52,654021.69
QTN-00508,2026-08-27,Green Homes,Project 44,Plastering,Nos,493,481,446,388,35,1134,3449,33755,24125,18928,313836,7812.88,3906.44,72425.4,47478.87,522267.59
QTN-00509,2026-03-12,XYZ Infra,Project 42,Plastering,Nos,209,78,657,318,135,1214,4302,12818,66933,9912,149959,4792.44,2396.22,44425.92,29123.66,320360.24
QTN-00510,2026-05-17,XYZ Infra,Project 13,Plastering,Nos,325,55,752,538,4349,8520,4600,14573,97683,19211,548405,13597.44,6798.72,126048.27,82631.64,908948.07
QTN-00511,2026-04-15,Skyline,Project 1,PCC,Nos,177,398,17,696,3637,2588,3126,47264,17820,15052,560585,12814.42,6407.21,118789.67,77873.23,856605.53
QTN-00512,2026-06-25,Skyline,Project 23,RCC,Nos,391,568,625,795,1303,9766,385,40690,84393,8359,577238,14213.6,7106.8,131760.07,86376.05,950136.52
QTN-00513,2026-04-13,XYZ Infra,Project 87,Earthwork,Nos,417,550,543,469,2072,6009,3776,39374,45994,2267,554468,12842.06,6421.03,119045.9,78041.2,858453.18
QTN-00514,2026-08-09,XYZ Infra,Project 2,Plastering,Nos,63,305,398,365,2404,9038,187,33090,75081,7402,465681,11625.08,5812.54,107764.49,70645.61,777101.72
QTN-00515,2026-01-15,XYZ Infra,Project 65,Plastering,Nos,34,504,678,846,2052,3761,2362,40246,43355,8453,568910,13219.28,6609.64,122542.73,80333.56,883669.21
QTN-00516,2026-02-14,Skyline,Project 23,Plastering,Nos,481,323,185,345,184,961,1553,1755,51889,10040,224591,5765.5,2882.75,53446.18,35036.94,385406.38
QTN-00517,2026-07-15,Green Homes,Project 76,Painting,Nos,220,435,679,616,4652,5666,1949,13031,9505,19227,720167,15238.6,7619.3,141261.82,92604.97,1018654.69
QTN-00518,2026-03-20,SPPS Construction,Project 1,RCC,Nos,301,503,145,214,4346,7183,1053,33558,97712,16513,648097,15917.6,7958.8,147556.15,96731.26,1064043.81
QTN-00519,2026-04-18,ABC Builders,Project 37,Plastering,Nos,427,383,761,567,2675,1646,3319,45379,76668,12057,518382,13049.72,6524.86,120970.9,79303.15,872334.63
QTN-00520,2026-05-28,Skyline,Project 21,Plastering,Nos,407,539,238,172,4383,3289,4479,35783,55077,15893,641746,14969.98,7484.99,138771.71,90972.57,1000698.25
QTN-00521,2026-07-03,ABC Builders,Project 50,Plastering,Nos,453,5,189,76,554,1096,4297,49304,27608,8215,81105,3324.64,1662.32,30819.41,20203.84,222242.21
QTN-00522,2026-06-24,Green Homes,Project 34,Plastering,Nos,378,421,277,133,2950,1325,613,12965,17792,19623,460033,10208.26,5104.13,94630.57,62035.6,682391.56
QTN-00523,2026-05-04,SPPS Construction,Project 81,Waterproofing,Nos,16,166,598,633,546,5964,3843,10923,13202,15735,291005,6617.3,3308.65,61342.37,40213.33,442346.65
QTN-00524,2026-06-11,Green Homes,Project 59,Painting,Nos,107,343,658,463,3751,7993,579,349,91753,16311,608398,14336.22,7168.11,132896.76,87121.21,958333.3
QTN-00525,2026-02-05,Skyline,Project 35,Painting,Nos,194,458,338,730,3653,4230,3681,30253,25350,17163,632236,14100.04,7050.02,130707.37,85685.94,942545.37
QTN-00526,2026-12-25,XYZ Infra,Project 84,PCC,Nos,108,5,303,857,863,1481,4539,24016,74580,10262,210442,6386,3193,59198.22,38807.72,426884.94
QTN-00527,2026-01-01,SPPS Construction,Project 69,RCC,Nos,397,571,99,257,4381,7446,1308,40054,50600,3785,685161,15592,7796,144537.84,94752.58,1042278.42
QTN-00528,2026-05-03,Green Homes,Project 10,RCC,Nos,451,91,499,761,2204,4959,3467,5146,76521,2879,380629,9303.5,4651.75,86243.44,56537.37,621911.06
QTN-00529,2026-03-04,XYZ Infra,Project 68,Waterproofing,Nos,109,448,509,582,4726,3880,3665,41890,52288,12053,701315,16150.92,8075.46,149719.03,98149.14,1079640.55
QTN-00530,2026-05-28,Skyline,Project 75,Brickwork,Nos,374,253,276,786,736,8560,1640,49320,4276,12826,355570,8439.84,4219.92,78237.32,51288.91,564177.98
QTN-00531,2026-03-25,Skyline,Project 78,RCC,Nos,378,181,645,705,3858,3971,3827,12630,49474,8261,542595,12259.2,6129.6,113642.78,74499.16,819490.74
QTN-00532,2026-07-25,SPPS Construction,Project 12,Brickwork,Nos,332,536,504,431,4590,9913,369,1451,30375,14405,757163,16067.88,8033.94,148949.25,97644.51,1074089.57
QTN-00533,2026-10-19,XYZ Infra,Project 12,Plastering,Nos,40,44,189,812,4079,6570,2662,4548,71437,3453,493507,11458.9,5729.45,106224,69635.74,765993.09
QTN-00534,2026-02-01,Green Homes,Project 46,Waterproofing,Nos,51,82,627,744,1323,7725,4846,2234,74449,6727,342211,8512.42,4256.21,78910.13,51729.98,569029.74
QTN-00535,2026-11-21,SPPS Construction,Project 93,Brickwork,Nos,357,136,768,151,3261,9912,1248,37751,33411,14220,465879,11025.22,5512.61,102203.79,67000.26,737002.88
QTN-00536,2026-06-27,SPPS Construction,Project 13,RCC,Nos,253,149,119,34,3237,8097,2751,27781,66766,15004,390952,10010.06,5005.03,92793.26,60831.13,669142.48
QTN-00537,2026-02-15,SPPS Construction,Project 56,Painting,Nos,301,423,457,436,1749,9442,3254,14247,77618,12104,489195,11863.28,5931.64,109972.61,72093.15,793024.68
QTN-00538,2026-03-26,Green Homes,Project 11,RCC,Nos,288,409,27,781,402,5038,1079,12433,96850,10084,351463,9416.6,4708.3,87291.88,57224.68,629471.46
QTN-00539,2026-09-21,ABC Builders,Project 53,Earthwork,Nos,235,385,242,59,170,8114,433,16369,65889,11529,277785,7431.44,3715.72,68889.45,45160.86,496769.47
QTN-00540,2026-11-21,Skyline,Project 87,PCC,Nos,302,137,83,50,166,6429,3203,27039,58777,9715,141375,4738.12,2369.06,43922.37,28793.56,316729.11
QTN-00541,2026-06-22,ABC Builders,Project 29,RCC,Nos,392,64,363,209,3660,5735,1334,26223,67973,527,404634,9987.14,4993.57,92580.79,60691.85,667610.35
QTN-00542,2026-12-05,ABC Builders,Project 78,Brickwork,Nos,272,569,501,634,1101,1943,2290,34831,85007,17233,472619,12193.8,6096.9,113036.53,74101.72,815118.95
QTN-00543,2026-04-15,XYZ Infra,Project 57,Plastering,Nos,307,132,261,128,3392,691,1784,26273,42795,8101,357352,8690.42,4345.21,80560.19,52811.68,580928.51
QTN-00544,2026-03-11,ABC Builders,Project 62,Earthwork,Nos,395,23,536,120,4064,761,1600,41468,80579,17720,380118,10397.7,5198.85,96386.68,63186.82,695055.05
QTN-00545,2026-11-21,SPPS Construction,Project 71,Earthwork,Nos,109,271,2,131,4505,3506,1628,44911,91865,15219,505381,13147.52,6573.76,121877.51,79897.48,878872.27
QTN-00546,2026-07-12,XYZ Infra,Project 96,Painting,Nos,263,419,794,218,286,2917,797,13236,16623,16813,323813,7409.7,3704.85,68687.92,45028.75,495316.22
QTN-00547,2026-09-24,SPPS Construction,Project 37,RCC,Nos,144,403,282,396,847,436,3965,31363,63784,11153,322408,8574.16,4287.08,79482.46,52105.17,573156.87
QTN-00548,2026-12-18,Green Homes,Project 8,Brickwork,Nos,257,329,441,48,2712,4904,144,39801,90350,7374,431866,11387.82,5693.91,105565.09,69203.78,761241.6
QTN-00549,2026-11-07,Green Homes,Project 34,Painting,Nos,296,310,432,688,2433,5738,2403,27618,36100,14785,487402,11318.1,5659.05,104918.79,68780.09,756581.03
QTN-00550,2026-06-19,Skyline,Project 10,RCC,Nos,124,518,266,814,1985,7231,1355,21702,18330,16696,560138,12337.32,6168.66,114366.96,74973.89,824712.83
QTN-00551,2026-06-03,ABC Builders,Project 7,RCC,Nos,383,69,592,895,2541,3226,1229,41932,49120,18149,403422,10252.46,5126.23,95040.3,62304.2,685346.19
QTN-00552,2026-03-27,Skyline,Project 75,Earthwork,Nos,402,203,717,850,4046,4337,2066,7766,29394,14593,590922,12853.5,6426.75,119151.94,78110.72,859217.91
QTN-00553,2026-05-15,Skyline,Project 51,Flooring,Nos,352,370,754,619,2091,4452,2196,15502,66378,4470,495737,11641.74,5820.87,107918.93,70746.85,778215.39
QTN-00554,2026-12-01,XYZ Infra,Project 90,PCC,Nos,264,464,123,669,1651,5569,1873,47453,68971,3013,469170,11772.14,5886.07,109127.74,71539.29,786932.24
QTN-00555,2026-12-28,SPPS Construction,Project 71,Waterproofing,Nos,217,433,14,497,1550,6193,1419,32960,74460,2221,422823,10649.28,5324.64,98718.83,64715.67,711872.42
QTN-00556,2026-09-07,XYZ Infra,Project 95,Painting,Nos,71,340,0,658,3764,5873,3142,39172,15183,12380,564386,12622.42,6311.21,117009.83,76706.45,843770.91
QTN-00557,2026-02-23,XYZ Infra,Project 35,PCC,Nos,469,239,411,127,1,7932,4428,26324,42987,11340,223629,6085.6,3042.8,56413.51,36982.19,406804.1
QTN-00558,2026-03-05,Skyline,Project 21,Brickwork,Nos,482,593,369,151,1645,6385,4812,3685,91945,12841,493757,12044.56,6022.28,111653.07,73194.79,805142.7
QTN-00559,2026-01-01,Skyline,Project 37,RCC,Nos,45,537,168,166,2780,1978,1805,39028,35052,15667,501139,11817.72,5908.86,109550.26,71816.28,789979.13
QTN-00560,2026-09-18,Skyline,Project 17,Earthwork,Nos,430,219,186,120,4869,8685,4264,13686,3277,509,566749,11684.42,5842.21,108314.57,71006.22,781068.42
QTN-00561,2026-01-13,Green Homes,Project 4,Waterproofing,Nos,278,229,741,413,661,4401,3137,23923,4746,1076,299810,6591.1,3295.55,61099.5,40054.11,440595.26
QTN-00562,2026-01-08,ABC Builders,Project 32,Plastering,Nos,306,479,5,728,2256,7746,3231,14672,71797,18347,537709,12850.5,6425.25,119124.13,78092.49,859017.37
QTN-00563,2026-12-15,ABC Builders,Project 37,RCC,Nos,38,394,588,108,321,8058,232,25768,55724,6294,326071,8277.14,4138.57,76729.09,50300.18,553301.98
QTN-00564,2026-08-24,Green Homes,Project 34,RCC,Nos,246,347,271,570,4257,7657,2835,19001,57752,9550,629596,14317.98,7158.99,132727.67,87010.36,957114.01
QTN-00565,2026-03-22,XYZ Infra,Project 87,Painting,Nos,18,500,101,314,4009,9570,1244,38338,42223,12041,649239,14836.82,7418.41,137537.32,90163.36,991796.91
QTN-00566,2026-02-25,SPPS Construction,Project 51,Brickwork,Nos,232,361,104,858,3837,8759,1211,41683,57947,6542,632788,14779.2,7389.6,137003.18,89813.2,987945.18
QTN-00567,2026-04-21,ABC Builders,Project 47,PCC,Nos,411,115,252,8,265,8785,3923,19786,87465,17792,166948,5839.82,2919.91,54135.13,35488.59,390374.45
QTN-00568,2026-11-01,ABC Builders,Project 64,Waterproofing,Nos,68,261,419,195,1365,5846,4622,25420,68428,18997,328135,8819.6,4409.8,81757.69,53596.71,589563.8
QTN-00569,2026-04-11,Green Homes,Project 11,PCC,Nos,198,458,83,767,3055,2609,2141,35073,35893,13175,556918,12821.18,6410.59,118852.34,77914.31,857057.42
QTN-00570,2026-08-04,Green Homes,Project 92,Painting,Nos,257,216,124,801,3159,5389,724,38523,32941,10074,484001,11310.78,5655.39,104850.93,68735.61,756091.71
QTN-00571,2026-07-06,SPPS Construction,Project 73,Earthwork,Nos,49,560,70,456,2091,2946,4548,45830,55937,5462,497261,12089.8,6044.9,112072.45,73469.71,808166.86
QTN-00572,2026-02-24,Skyline,Project 9,Plastering,Nos,349,528,267,413,1401,6119,1163,13416,15361,13807,463710,10125.88,5062.94,93866.91,61534.97,676884.7
QTN-00573,2026-07-16,ABC Builders,Project 57,Brickwork,Nos,28,371,675,361,2185,2704,3366,1614,32690,8522,453143,9919.38,4959.69,91952.65,60280.07,663080.79
QTN-00574,2026-10-15,ABC Builders,Project 19,PCC,Nos,296,117,69,886,2902,8002,3566,43693,49056,18944,449722,11228.3,5614.15,104086.34,68234.38,750578.17
QTN-00575,2026-02-14,Skyline,Project 55,Plastering,Nos,146,450,227,22,4722,1472,471,34860,7184,16361,589697,12962.04,6481.02,120158.11,78770.32,866473.49
QTN-00576,2026-01-17,SPPS Construction,Project 28,RCC,Nos,43,440,359,486,2481,4446,1928,23113,93636,1529,508611,12537.78,6268.89,116225.22,76192.09,838112.98
QTN-00577,2026-08-08,Skyline,Project 38,Plastering,Nos,292,232,639,17,683,523,1719,32376,40699,18557,214688,6126.4,3063.2,56791.73,37230.13,409531.46
QTN-00578,2026-08-24,Green Homes,Project 24,Brickwork,Nos,185,379,96,357,2370,7248,386,6907,75895,5737,457190,10914.58,5457.29,101178.16,66327.9,729606.93
QTN-00579,2026-11-06,XYZ Infra,Project 35,Plastering,Nos,118,218,392,769,1203,6827,3299,18237,12457,8788,369880,8187.24,4093.62,75895.71,49753.86,547292.43
QTN-00580,2026-01-28,ABC Builders,Project 68,Earthwork,Nos,374,69,337,718,2496,6437,3554,25811,61075,3547,386420,9537.06,4768.53,88408.55,57956.71,637523.85
QTN-00581,2026-03-15,Green Homes,Project 2,Painting,Nos,229,333,763,797,1021,7306,1432,3552,31113,14436,442985,9841.72,4920.86,91232.74,59808.13,657889.46
QTN-00582,2026-07-27,Skyline,Project 78,Plastering,Nos,447,499,393,350,46,4591,3333,1474,70170,18926,341501,8641.42,4320.71,80105.96,52513.91,577653
QTN-00583,2026-01-17,ABC Builders,Project 29,Brickwork,Nos,141,264,14,560,3974,3698,2027,20248,25026,2071,516781,11282.52,5641.26,104588.96,68563.87,754202.61
QTN-00584,2026-11-28,SPPS Construction,Project 13,Flooring,Nos,23,4,504,863,2266,4796,1474,15397,20856,17309,355472,8180.68,4090.34,75834.9,49713.99,546853.92
QTN-00585,2026-07-23,SPPS Construction,Project 87,Painting,Nos,268,256,681,573,658,5360,2479,8536,74553,1182,333149,8348.4,4174.2,77389.67,50733.23,558065.49
QTN-00586,2026-11-17,ABC Builders,Project 92,Waterproofing,Nos,144,330,194,372,2748,2662,116,34482,31169,2965,436172,10095.76,5047.88,93587.7,61351.93,674871.27
QTN-00587,2026-05-28,Green Homes,Project 28,Earthwork,Nos,296,191,375,223,3913,1382,559,27810,28965,9196,447800,10275.42,5137.71,95253.14,62443.73,686881
QTN-00588,2026-11-07,Green Homes,Project 5,Waterproofing,Nos,128,197,24,534,1177,1299,1952,7502,73327,8955,255269,6901.06,3450.53,63972.83,41937.74,461315.16
QTN-00589,2026-06-01,Skyline,Project 25,PCC,Nos,139,548,607,195,1044,4717,3085,11940,91513,13729,437681,11097.26,5548.63,102871.6,67438.05,741818.54
QTN-00590,2026-09-15,ABC Builders,Project 98,Earthwork,Nos,192,406,127,652,880,5716,4211,1003,51270,19631,387039,9178.86,4589.43,85088.03,55779.93,613579.25
QTN-00591,2026-06-17,ABC Builders,Project 72,Waterproofing,Nos,37,487,403,471,4950,6310,2957,48400,26308,2661,732597,16199.32,8099.66,150167.7,98443.27,1082875.94
QTN-00592,2026-07-20,Green Homes,Project 92,Plastering,Nos,360,143,678,274,1146,9761,4614,33153,43238,16570,320122,8261.66,4130.83,76585.59,50206.11,552267.19
QTN-00593,2026-04-21,SPPS Construction,Project 27,Plastering,Nos,390,367,109,735,790,8914,2632,10095,75476,15891,395264,9934.52,4967.26,92093,60372.08,664092.86
QTN-00594,2026-08-26,SPPS Construction,Project 58,Waterproofing,Nos,44,251,754,884,61,272,2074,38787,6079,11716,288175,6895.14,3447.57,63917.95,41901.77,460919.42
QTN-00595,2026-05-14,ABC Builders,Project 69,PCC,Nos,486,90,132,571,184,4995,819,1395,74038,17103,174159,5333.9,2666.95,49445.25,32414.11,356555.21
QTN-00596,2026-09-01,Skyline,Project 14,Flooring,Nos,12,520,130,87,4704,9431,4068,46123,60976,10340,687156,16091.9,8045.95,149171.91,97790.48,1075695.24
QTN-00597,2026-03-22,XYZ Infra,Project 59,PCC,Nos,432,302,575,372,1683,4856,3274,10597,16976,2041,394887,8490.02,4245.01,78702.49,51593.85,567532.37
QTN-00598,2026-01-08,Skyline,Project 44,Waterproofing,Nos,375,335,238,665,2176,24,1634,41764,91594,3717,414616,11033.82,5516.91,102283.51,67052.52,737577.77
QTN-00599,2026-05-02,XYZ Infra,Project 67,Earthwork,Nos,314,163,557,167,2097,1828,593,40331,73509,6228,310442,8610.2,4305.1,79816.55,52324.19,575566.04
QTN-00600,2026-09-11,XYZ Infra,Project 72,Flooring,Nos,273,108,475,154,1516,9839,1175,19069,97232,2696,298667,8353.28,4176.64,77434.91,50762.88,558391.71
QTN-00601,2026-12-01,SPPS Construction,Project 87,Plastering,Nos,431,98,271,662,2750,4431,3483,25195,7157,10395,390401,8662.96,4331.48,80305.64,52644.81,579092.89
QTN-00602,2026-06-01,Green Homes,Project 13,Flooring,Nos,302,43,429,372,4449,8220,1913,2553,50052,10915,499658,11263.56,5631.78,104413.2,68448.65,752935.2
QTN-00603,2026-06-14,Skyline,Project 80,Earthwork,Nos,451,521,93,736,2977,1790,2882,21805,85566,12546,570687,13812.08,6906.04,128037.98,83936.01,923296.11
QTN-00604,2026-07-04,XYZ Infra,Project 90,Flooring,Nos,31,128,625,458,3487,7720,1116,5872,99875,13934,486961,12132.84,6066.42,112471.43,73731.27,811043.96
QTN-00605,2026-05-21,ABC Builders,Project 90,Painting,Nos,264,190,507,776,4445,7344,3775,23967,80289,15681,615082,14700.38,7350.19,136272.52,89334.21,982676.3
QTN-00606,2026-07-16,Skyline,Project 74,Earthwork,Nos,344,517,673,761,3248,1277,4137,20089,20283,6754,635763,13657.78,6828.89,126607.62,82998.33,912981.62
QTN-00607,2026-06-25,SPPS Construction,Project 55,Earthwork,Nos,224,85,218,480,4822,4849,4301,10842,93458,19075,518033,12828.16,6414.08,118917.04,77956.73,857524.01
QTN-00608,2026-09-03,ABC Builders,Project 14,PCC,Nos,388,332,689,275,2672,2007,4582,33765,40042,3139,458558,10710.08,5355.04,99282.44,65085.16,715936.72
QTN-00609,2026-10-21,ABC Builders,Project 68,Painting,Nos,38,553,765,829,1675,3441,2928,2646,40155,14582,565611,12459.88,6229.94,115503.09,75718.69,832905.6
QTN-00610,2026-09-16,XYZ Infra,Project 48,Earthwork,Nos,218,21,288,356,1050,2163,1890,27963,33048,15540,173154,4994.1,2497.05,46295.31,30349.15,333840.6
QTN-00611,2026-12-27,XYZ Infra,Project 82,PCC,Nos,394,320,743,796,2779,8446,1965,31120,30213,1831,576918,12801.64,6400.82,118671.2,77795.57,855751.23
QTN-00612,2026-09-27,ABC Builders,Project 90,Earthwork,Nos,425,254,393,259,3144,4734,3165,48159,50792,4294,453657,11138.04,5569.02,103249.63,67685.87,744544.56
QTN-00613,2026-07-01,XYZ Infra,Project 52,RCC,Nos,473,146,359,808,2445,9583,1757,23112,68095,4540,453176,10978.46,5489.23,101770.32,66716.1,733877.12
QTN-00614,2026-07-24,Green Homes,Project 95,Brickwork,Nos,120,472,703,583,3856,6019,3974,39832,77710,13913,679926,16227.62,8113.81,150430.04,98615.25,1084767.71
QTN-00615,2026-01-15,SPPS Construction,Project 59,RCC,Nos,259,372,471,789,1665,6268,2059,32928,78849,1862,476838,11809.54,5904.77,109474.44,71766.57,789432.32
QTN-00616,2026-03-13,Green Homes,Project 26,Earthwork,Nos,419,37,199,500,369,6525,4128,14344,99760,17055,176573,6154.64,3077.32,57053.51,37401.75,411419.22
QTN-00617,2026-04-20,ABC Builders,Project 91,Flooring,Nos,383,532,567,245,1329,9092,3021,18151,95483,6813,489592,12200.78,6100.39,113101.23,74144.14,815585.54
QTN-00618,2026-10-28,Skyline,Project 82,PCC,Nos,190,116,156,427,516,1241,1443,29881,52636,8467,165991,5139.5,2569.75,47643.17,31232.74,343560.16
QTN-00619,2026-12-14,Skyline,Project 90,Earthwork,Nos,374,510,502,588,216,8030,3887,45989,5178,18245,424547,9879.18,4939.59,91580,60035.78,660393.55
QTN-00620,2026-06-27,XYZ Infra,Project 51,PCC,Nos,55,333,263,607,4533,4233,3834,3987,58102,18372,621403,14037.28,7018.64,130125.59,85304.55,938350.06
QTN-00621,2026-10-28,Skyline,Project 15,Waterproofing,Nos,410,163,100,282,1878,5521,1420,48494,30637,14086,301628,7896.9,3948.45,73204.26,47989.46,527884.07
QTN-00622,2026-07-28,XYZ Infra,Project 31,Flooring,Nos,489,443,559,346,775,507,4476,32705,82593,14877,352247,9648.44,4824.22,89441.04,58633.57,644969.27
QTN-00623,2026-05-10,ABC Builders,Project 72,PCC,Nos,320,584,0,388,1556,3781,4214,23352,65899,14737,460522,11290.2,5645.1,104660.15,68610.55,754716
QTN-00624,2026-08-24,XYZ Infra,Project 81,RCC,Nos,47,456,329,687,4885,1367,4323,8945,32408,12870,695594,14996.34,7498.17,139016.07,91132.76,1002460.34
QTN-00625,2026-08-21,Green Homes,Project 84,Flooring,Nos,168,340,23,845,375,4515,2401,25924,64973,6406,322886,8403.78,4201.89,77903.04,51069.77,561767.48
QTN-00626,2026-01-16,ABC Builders,Project 37,RCC,Nos,272,200,485,472,459,7541,2940,8207,93110,14717,283133,7983.34,3991.67,74005.56,48514.76,533662.33
QTN-00627,2026-08-11,Green Homes,Project 2,Earthwork,Nos,224,570,407,876,975,9788,1812,27477,49213,18468,547421,12851.58,6425.79,119134.15,78099.05,859089.57
QTN-00628,2026-04-21,XYZ Infra,Project 91,RCC,Nos,213,308,741,424,1887,9455,1014,24572,45826,10198,466939,10950.7,5475.35,101512.99,66547.4,732021.44
QTN-00629,2026-05-27,Skyline,Project 79,Waterproofing,Nos,139,137,265,92,3104,2852,4390,45155,3613,287,353896,8059.02,4029.51,74707.12,48974.66,538721.31
QTN-00630,2026-01-12,XYZ Infra,Project 26,Brickwork,Nos,395,478,221,165,1581,2105,2424,11813,26095,1409,390419,8594.72,4297.36,79673.05,52230.11,574531.25
QTN-00631,2026-03-20,Skyline,Project 22,Flooring,Nos,446,479,398,41,2765,3158,2565,11491,29037,6366,487514,10688.16,5344.08,99079.24,64951.95,714471.43
QTN-00632,2026-10-02,XYZ Infra,Project 9,Earthwork,Nos,383,334,567,702,2173,4992,1742,24084,28352,18301,484553,11105.8,5552.9,102950.77,67489.95,742389.41
QTN-00633,2026-04-27,ABC Builders,Project 77,Painting,Nos,76,507,452,51,4040,1139,1672,46514,74708,15745,584214,14423.62,7211.81,133706.96,87652.34,964175.73
QTN-00634,2026-11-14,ABC Builders,Project 56,RCC,Nos,230,476,14,15,4922,4741,4761,25614,39788,15705,628959,14201.32,7100.66,131646.24,86301.42,949315.64
QTN-00635,2026-07-22,Green Homes,Project 94,RCC,Nos,165,236,103,552,4104,1257,4410,2078,68569,5870,502946,11589.26,5794.63,107432.44,70427.93,774707.26
QTN-00636,2026-03-08,XYZ Infra,Project 37,Plastering,Nos,163,597,123,188,2504,3362,1930,8785,22814,12997,517676,11245.44,5622.72,104245.23,68338.54,751723.93
QTN-00637,2026-08-14,ABC Builders,Project 18,RCC,Nos,347,181,34,374,1674,6663,1339,14847,87204,18837,309243,8602.62,4301.31,79746.29,52278.12,575059.34
QTN-00638,2026-03-04,ABC Builders,Project 11,Plastering,Nos,407,116,410,858,3194,4484,1562,22120,32386,300,464944,10395,5197.5,96361.65,63170.42,694874.57
QTN-00639,2026-02-03,Green Homes,Project 57,Brickwork,Nos,301,58,661,616,3515,8649,715,32341,39797,3793,486432,11247.26,5623.63,104262.1,68349.6,751845.59
QTN-00640,2026-04-23,ABC Builders,Project 56,Plastering,Nos,437,408,599,896,2610,7874,3788,30842,86132,18229,601570,14735.46,7367.73,136597.71,89547.39,985021.29
QTN-00641,2026-08-06,SPPS Construction,Project 83,PCC,Nos,353,577,437,301,1085,8945,4873,42099,7315,4486,488538,10848.76,5424.38,100568.01,65927.91,725207.06
QTN-00642,2026-05-08,ABC Builders,Project 84,Flooring,Nos,343,89,1,507,1393,1003,1420,47882,63660,12421,214889,6777.04,3388.52,62823.16,41184.07,453024.79
QTN-00643,2026-01-16,Skyline,Project 51,Brickwork,Nos,392,439,56,737,2897,251,2453,18695,78558,1483,512206,12218.84,6109.42,113268.65,74253.89,816792.8
QTN-00644,2026-07-24,Green Homes,Project 10,Painting,Nos,399,64,368,501,2956,5658,3338,34069,28835,6730,388662,9165.92,4582.96,84968.08,55701.3,612714.25
QTN-00645,2026-02-19,Skyline,Project 4,Brickwork,Nos,479,565,540,539,172,9676,910,43662,68869,8303,453348,11483.64,5741.82,106453.34,69786.08,767646.88
QTN-00646,2026-07-15,ABC Builders,Project 35,Plastering,Nos,95,172,184,876,410,1850,884,39934,47581,12096,243674,6865.7,3432.85,63645.04,41722.86,458951.45
QTN-00647,2026-06-03,Skyline,Project 66,Flooring,Nos,70,85,229,292,4872,2208,143,10990,84202,1969,474817,11439.56,5719.78,106044.72,69518.21,764700.27
QTN-00648,2026-02-03,SPPS Construction,Project 65,Flooring,Nos,196,201,139,714,2267,1464,695,38451,23887,8234,369682,8805.08,4402.54,81623.09,53508.47,588593.18
QTN-00649,2026-05-18,ABC Builders,Project 26,Earthwork,Nos,40,310,113,835,1528,9872,1125,2290,74508,8203,443441,10568.84,5284.42,97973.15,64226.84,706495.25
QTN-00650,2026-08-10,Green Homes,Project 41,Painting,Nos,311,14,298,577,3360,9027,2646,7722,80163,7657,426242,10435.68,5217.84,96738.75,63417.63,697593.9
QTN-00651,2026-11-17,ABC Builders,Project 38,Plastering,Nos,369,223,176,470,4256,28,1611,34874,61499,8497,491865,11934.7,5967.35,110634.67,72527.17,797798.89
QTN-00652,2026-12-28,XYZ Infra,Project 27,Waterproofing,Nos,434,204,318,285,562,334,3907,21694,22514,19494,200169,5277.42,2638.71,48921.68,32070.88,352779.69
QTN-00653,2026-09-26,ABC Builders,Project 93,Earthwork,Nos,189,365,57,763,698,8882,3439,36056,91976,12534,387215,10555.62,5277.81,97850.6,64146.5,705611.53
QTN-00654,2026-02-14,Green Homes,Project 14,Plastering,Nos,313,552,788,362,288,5825,4827,5740,9907,14167,427907,9154.42,4577.21,84861.47,55631.41,611945.51
QTN-00655,2026-10-04,Green Homes,Project 49,Plastering,Nos,321,441,430,72,3556,774,1350,38682,71742,13462,515732,12792.36,6396.18,118585.18,77739.17,855130.89
QTN-00656,2026-10-28,XYZ Infra,Project 93,Waterproofing,Nos,182,238,779,359,2348,6385,4300,42786,69298,12963,443980,11380.54,5690.27,105497.61,69159.54,760754.96
QTN-00657,2026-03-15,ABC Builders,Project 65,Brickwork,Nos,391,351,31,681,2517,1925,1851,23120,66549,19351,448176,11143.92,5571.96,103304.14,67721.6,744937.62
QTN-00658,2026-10-14,XYZ Infra,Project 85,Waterproofing,Nos,42,202,498,72,3625,5037,4073,6917,79896,1594,455624,10880.62,5440.31,100863.35,66121.53,727336.81
QTN-00659,2026-09-24,XYZ Infra,Project 10,Plastering,Nos,418,246,108,814,395,8841,1570,14941,84590,9856,318943,8566.6,4283.3,79412.38,52059.23,572651.51
QTN-00660,2026-11-12,SPPS Construction,Project 6,Flooring,Nos,246,304,756,818,1310,8157,3117,40712,49822,18927,462063,11430.48,5715.24,105960.55,69463.03,764093.3
QTN-00661,2026-06-13,XYZ Infra,Project 84,Flooring,Nos,283,378,325,883,1623,8656,3672,30005,41520,15572,496705,11676.04,5838.02,108236.89,70955.3,780508.25
QTN-00662,2026-12-26,Green Homes,Project 18,PCC,Nos,173,365,611,259,2857,5103,2590,31809,81350,19089,501899,12682.94,6341.47,117570.85,77074.23,847816.49
QTN-00663,2026-05-19,Green Homes,Project 58,Waterproofing,Nos,130,291,453,846,3161,2391,3302,49367,23795,16485,528215,12357.24,6178.62,114551.61,75094.95,826044.42
QTN-00664,2026-02-17,ABC Builders,Project 62,Painting,Nos,102,351,719,407,1001,4509,679,40278,59602,2700,376136,9574.32,4787.16,88753.95,58183.14,640014.57
QTN-00665,2026-05-10,Skyline,Project 97,Flooring,Nos,20,149,667,763,3537,562,4808,17895,42641,2367,486549,10989.04,5494.52,101868.4,66780.4,734584.36
QTN-00666,2026-08-08,ABC Builders,Project 82,RCC,Nos,244,432,168,180,4464,2812,3328,42298,57256,3760,590064,13867.56,6933.78,128552.28,84273.16,927004.78
QTN-00667,2026-12-21,ABC Builders,Project 16,Earthwork,Nos,20,73,680,408,4670,178,3344,47035,76959,12884,491228,12562.12,6281.06,116450.85,76340,839740.04
QTN-00668,2026-10-19,SPPS Construction,Project 6,Brickwork,Nos,162,233,592,747,3703,8153,4583,43827,65537,11207,589382,14199.06,7099.53,131625.29,86287.69,949164.56
QTN-00669,2026-01-26,XYZ Infra,Project 36,RCC,Nos,15,295,750,22,3464,176,1546,19626,75360,1522,458144,11093.04,5546.52,102832.48,67412.4,741536.44
QTN-00670,2026-08-01,XYZ Infra,Project 33,Painting,Nos,401,366,221,739,1385,9112,350,7660,95553,2042,448181,11068.72,5534.36,102607.03,67264.61,739910.73
QTN-00671,2026-02-01,XYZ Infra,Project 85,Waterproofing,Nos,428,54,507,410,4331,1960,1017,2446,14411,18015,455582,9809.08,4904.54,90930.17,59609.78,655707.57
QTN-00672,2026-11-20,XYZ Infra,Project 17,Brickwork,Nos,275,122,689,73,1469,1707,663,31672,24292,4866,243274,6082.08,3041.04,56380.88,36960.8,406568.8
QTN-00673,2026-05-15,ABC Builders,Project 14,Flooring,Nos,431,332,27,39,1730,5739,3522,25600,94676,15923,335424,9432.46,4716.23,87438.9,57321.06,630531.65
QTN-00674,2026-03-21,Green Homes,Project 26,Plastering,Nos,455,520,465,282,2430,7223,2471,30857,95402,14448,547545,13765.04,6882.52,127601.92,83650.15,920151.63
QTN-00675,2026-11-19,SPPS Construction,Project 64,Brickwork,Nos,31,471,28,516,4942,7538,822,34745,14510,16860,707886,15480.02,7740.01,143499.79,94072.08,1034792.9
QTN-00676,2026-08-01,Skyline,Project 52,Earthwork,Nos,318,527,635,218,421,483,1739,10414,86121,16756,351288,9291.58,4645.79,86132.95,56464.93,621114.25
QTN-00677,2026-09-08,SPPS Construction,Project 23,Brickwork,Nos,471,8,303,279,4682,5619,4142,425,67320,599,461564,10598.16,5299.08,98244.94,64405.02,708455.2
QTN-00678,2026-11-25,ABC Builders,Project 16,Earthwork,Nos,374,193,770,487,3201,9639,2737,3990,26585,384,526814,11155.46,5577.73,103411.11,67791.73,745709.03
QTN-00679,2026-01-08,SPPS Construction,Project 12,Brickwork,Nos,214,263,162,646,962,7018,1993,39636,32519,1878,339117,8263,4131.5,76598.01,50214.25,552356.76
QTN-00680,2026-01-21,XYZ Infra,Project 63,Earthwork,Nos,206,579,733,315,1364,4240,4821,12251,10005,15133,498031,10708.4,5354.2,99266.87,65074.95,715824.41
QTN-00681,2026-01-09,ABC Builders,Project 28,Painting,Nos,175,79,690,197,4519,5880,4790,35397,73004,11895,505145,12508.82,6254.41,115956.76,76016.1,836177.09
QTN-00682,2026-07-25,XYZ Infra,Project 55,Painting,Nos,305,140,634,469,3856,1070,722,42063,76887,16813,468482,12084.9,6042.45,112027.02,73439.94,807839.31
QTN-00683,2026-02-05,XYZ Infra,Project 94,Waterproofing,Nos,155,123,79,320,3431,6819,4458,23205,24118,10080,416405,9476.16,4738.08,87844,57586.62,633452.87
QTN-00684,2026-05-24,Green Homes,Project 97,Painting,Nos,77,411,658,843,4860,8821,1710,37423,46398,14453,775528,17476.04,8738.02,162002.89,106201.9,1168220.85
QTN-00685,2026-04-27,Green Homes,Project 78,PCC,Nos,113,498,278,764,463,3177,4057,26505,32074,5844,402218,9332.82,4666.41,86515.24,56715.55,623871.02
QTN-00686,2026-02-09,Green Homes,Project 1,Painting,Nos,288,305,67,120,793,7915,2315,12187,40480,14054,282120,6976.82,3488.41,64675.12,42398.14,466379.49
QTN-00687,2026-07-27,ABC Builders,Project 85,Brickwork,Nos,310,218,48,331,3600,7413,579,49409,74890,18705,471543,12290.94,6145.47,113937.01,74692.04,821612.47
QTN-00688,2026-05-15,SPPS Construction,Project 98,RCC,Nos,129,257,694,463,4372,1868,964,12648,52418,6695,570538,12845.98,6422.99,119082.23,78065.02,858715.23
QTN-00689,2026-05-04,SPPS Construction,Project 19,Plastering,Nos,222,353,169,770,2992,9493,350,20710,86429,12166,565464,13695.38,6847.69,126956.17,83226.82,915495.07
QTN-00690,2026-06-27,SPPS Construction,Project 57,RCC,Nos,134,179,245,649,918,4223,582,25895,20642,297,281246,6561.6,3280.8,60826.03,39874.84,438623.28
QTN-00691,2026-03-25,Skyline,Project 84,Plastering,Nos,288,22,419,817,3120,4386,2821,49265,36035,9329,413369,10159.96,5079.98,94182.83,61742.08,679162.85
QTN-00692,2026-06-08,SPPS Construction,Project 32,Flooring,Nos,139,308,229,463,2735,2036,4599,1016,27803,6456,438492,9475.34,4737.67,87836.4,57581.64,633398.05
QTN-00693,2026-04-03,Green Homes,Project 11,Painting,Nos,171,507,214,47,4408,8058,2926,11318,23327,11541,648900,13901.72,6950.86,128868.94,84480.75,929288.28
QTN-00694,2026-08-03,ABC Builders,Project 18,PCC,Nos,165,361,305,528,4925,9106,4964,47318,10244,10584,697397,15310.86,7655.43,141931.67,93044.1,1023485.06
QTN-00695,2026-02-12,Green Homes,Project 17,RCC,Nos,78,307,296,98,265,7777,722,12940,47900,10808,256403,6561.02,3280.51,60820.66,39871.32,438584.5
QTN-00696,2026-10-11,Green Homes,Project 4,PCC,Nos,234,400,554,439,2098,1586,3522,46551,71177,12751,450560,11620.78,5810.39,107724.63,70619.48,776814.28
QTN-00697,2026-10-15,Green Homes,Project 72,PCC,Nos,343,466,589,264,4204,4404,1326,36086,98937,19845,640358,15904.52,7952.26,147434.9,96651.77,1063169.45
QTN-00698,2026-03-14,XYZ Infra,Project 21,Flooring,Nos,263,396,127,223,2963,3766,4449,4569,83192,3826,471922,11270.18,5635.09,104474.57,68488.88,753377.72
QTN-00699,2026-08-14,ABC Builders,Project 53,Painting,Nos,386,415,585,249,1334,6100,1910,36681,86236,2575,414190,10793.64,5396.82,100057.04,65592.95,721522.45
QTN-00700,2026-10-26,XYZ Infra,Project 30,Waterproofing,Nos,288,339,493,181,1265,991,259,11258,40034,15436,316772,7670,3835,71100.9,46610.59,512716.49
QTN-00701,2026-07-03,Skyline,Project 92,Painting,Nos,284,524,485,594,4345,8765,3163,36073,22333,16659,745038,16402.06,8201.03,152047.1,99675.32,1096428.5
QTN-00702,2026-10-20,SPPS Construction,Project 22,Waterproofing,Nos,141,297,182,31,1182,3944,3690,5341,48362,3462,275822,6659.74,3329.87,61735.79,40471.24,445183.64
QTN-00703,2026-06-19,ABC Builders,Project 32,Earthwork,Nos,146,115,305,805,4293,7200,3554,36600,77349,7698,555879,13550.52,6775.26,125613.32,82346.51,905811.61
QTN-00704,2026-01-02,Green Homes,Project 98,Painting,Nos,99,469,789,706,2193,9148,4379,28887,59442,15439,600928,14093.92,7046.96,130650.64,85648.75,942136.27
QTN-00705,2026-07-28,Green Homes,Project 28,PCC,Nos,249,159,432,688,3346,6471,4201,25079,89839,9000,495589,12390.14,6195.07,114856.6,75294.88,828243.69
QTN-00706,2026-10-02,XYZ Infra,Project 28,Brickwork,Nos,291,549,679,669,245,2138,3340,47042,89565,19635,420469,11534.22,5767.11,106922.22,70093.45,771028
QTN-00707,2026-01-19,ABC Builders,Project 48,Waterproofing,Nos,119,541,449,607,1516,729,4163,10342,77526,753,475905,11290.52,5645.26,104663.12,68612.49,754737.39
QTN-00708,2026-02-25,Skyline,Project 69,Earthwork,Nos,176,133,645,480,2635,8693,230,28636,92777,11956,436449,11396.36,5698.18,105644.26,69255.68,761812.48
QTN-00709,2026-12-02,ABC Builders,Project 99,Brickwork,Nos,314,600,0,745,3542,3938,3580,41071,92277,11419,660134,16098.02,8049.01,149228.65,97827.67,1076104.34
QTN-00710,2026-08-13,Green Homes,Project 19,PCC,Nos,349,172,614,696,126,7516,1355,41190,18326,14401,280973,7097.8,3548.9,65796.61,43133.33,474466.64
QTN-00711,2026-07-25,XYZ Infra,Project 83,Plastering,Nos,277,392,681,352,4829,9686,1526,9184,33541,13801,714309,15416.7,7708.35,142912.81,93687.29,1030560.14
QTN-00712,2026-05-28,ABC Builders,Project 86,PCC,Nos,368,536,506,837,4095,1709,661,504,70277,8034,703578,15647.86,7823.93,145055.66,95092.05,1046012.5
QTN-00713,2026-04-25,Skyline,Project 79,PCC,Nos,138,151,506,276,1877,7031,1563,23310,67106,4819,340136,8707.42,4353.71,80717.78,52914.99,582064.9
QTN-00714,2026-11-07,SPPS Construction,Project 4,PCC,Nos,305,409,327,658,993,3160,3442,29243,97002,5056,392367,10473.36,5236.68,97088.05,63646.61,700112.7
QTN-00715,2026-04-16,SPPS Construction,Project 65,Painting,Nos,190,16,118,361,1553,3164,4597,1706,47925,524,206344,5129.98,2564.99,47554.91,31174.89,342923.77
QTN-00716,2026-03-12,SPPS Construction,Project 39,Brickwork,Nos,24,409,275,94,1845,6934,1314,15815,34156,3409,412491,9317.42,4658.71,86372.48,56621.96,622841.57
QTN-00717,2026-09-05,SPPS Construction,Project 69,Waterproofing,Nos,467,490,209,82,2233,4151,1136,13560,59550,9415,448879,10628.08,5314.04,98522.3,64586.84,710455.26
QTN-00718,2026-02-02,Green Homes,Project 40,Waterproofing,Nos,155,223,109,310,2923,7249,674,6308,18359,12510,424161,9226.76,4613.38,85532.07,56071.02,616781.23
QTN-00719,2026-01-01,Skyline,Project 21,Plastering,Nos,277,213,8,553,2653,3416,262,23919,5871,19424,389415,8772.58,4386.29,81321.82,53310.97,586420.66
QTN-00720,2026-01-17,ABC Builders,Project 20,RCC,Nos,418,333,306,891,1752,8337,3789,7608,71409,13955,483135,11522.14,5761.07,106810.24,70020.04,770220.49
QTN-00721,2026-03-15,Green Homes,Project 80,Earthwork,Nos,184,103,91,861,3669,5641,506,23657,17221,10324,477759,10579.22,5289.61,98069.37,64289.92,707189.12
QTN-00722,2026-07-14,Skyline,Project 91,Plastering,Nos,173,63,18,72,1532,8426,2425,31744,4495,823,223163,5204.5,2602.25,48245.71,31627.75,347905.21
QTN-00723,2026-06-21,XYZ Infra,Project 59,RCC,Nos,121,370,120,576,4551,7137,334,44722,87874,14214,643975,15815.7,7907.85,146611.54,96112.01,1057232.1
QTN-00724,2026-11-08,Skyline,Project 28,RCC,Nos,303,221,416,13,4420,5703,2965,20259,19446,9267,514379,11267.02,5633.51,104445.28,68469.68,753166.49
QTN-00725,2026-12-11,ABC Builders,Project 56,RCC,Nos,204,122,10,250,4437,3378,1854,48307,27064,2645,447353,10507.38,5253.69,97403.41,63853.35,702386.83
QTN-00726,2026-08-12,Skyline,Project 86,PCC,Nos,35,211,350,478,330,735,2015,15728,40203,15122,212955,5680.16,2840.08,52655.08,34518.33,379701.66
QTN-00727,2026-02-02,Skyline,Project 74,Painting,Nos,107,247,776,256,2857,7539,2011,33882,31733,6573,480548,11054.72,5527.36,102477.25,67179.53,738974.87
QTN-00728,2026-04-10,XYZ Infra,Project 48,Earthwork,Nos,259,94,344,700,3267,1836,3717,1958,15245,5017,417250,8789.4,4394.7,81477.74,53413.18,587545.02
QTN-00729,2026-02-15,XYZ Infra,Project 65,Earthwork,Nos,243,205,99,465,1963,4911,3106,10274,85513,85,345589,8829.22,4414.61,81846.87,53655.17,590206.87
QTN-00730,2026-03-20,ABC Builders,Project 59,PCC,Nos,426,578,424,314,2180,6528,867,23353,86757,15183,548291,13471.68,6735.84,124882.47,81867.4,900541.39
QTN-00731,2026-07-03,XYZ Infra,Project 78,Earthwork,Nos,356,137,772,330,2361,3098,1936,39185,98174,12724,366805,10337.76,5168.88,95831.04,62822.57,691048.24
QTN-00732,2026-10-12,Skyline,Project 45,Earthwork,Nos,78,494,435,480,2668,1246,925,21988,31657,11448,525693,11815.72,5907.86,109531.72,71804.13,789845.43
QTN-00733,2026-01-12,Green Homes,Project 48,Flooring,Nos,207,121,172,116,1692,63,2159,17413,28805,2108,211693,5200.38,2600.19,48207.52,31602.71,347629.8
QTN-00734,2026-07-01,Skyline,Project 95,PCC,Nos,13,566,536,168,4579,4192,2733,31875,13630,1916,697434,14897.1,7448.55,138096.12,90529.68,995826.44
QTN-00735,2026-03-12,Green Homes,Project 45,Painting,Nos,35,221,346,434,2945,7303,4164,21371,78646,4832,462673,11350.44,5675.22,105218.58,68976.62,758742.86
QTN-00736,2026-02-13,Skyline,Project 93,Earthwork,Nos,117,360,401,187,3305,7174,4605,13087,64382,2775,526392,12132.72,6066.36,112470.31,73730.54,811035.93
QTN-00737,2026-09-07,Skyline,Project 12,Painting,Nos,34,475,311,772,1352,1560,2394,46800,90600,2375,447544,11746.38,5873.19,108888.94,71382.75,785210.26
QTN-00738,2026-12-09,XYZ Infra,Project 20,PCC,Nos,491,254,10,137,529,9357,4026,4725,40652,11875,250097,6146.98,3073.49,56982.5,37355.2,410907.17
QTN-00739,2026-10-10,SPPS Construction,Project 60,Waterproofing,Nos,143,272,729,417,808,6924,986,32620,53495,18880,347738,9054.66,4527.33,83936.7,55025.17,605276.86
QTN-00740,2026-09-21,XYZ Infra,Project 19,Waterproofing,Nos,56,324,348,149,4115,5314,2956,41497,5087,16566,545613,12175.26,6087.63,112864.66,73989.06,813879.61
QTN-00741,2026-08-02,SPPS Construction,Project 50,Brickwork,Nos,497,598,395,521,2567,454,4596,27181,49253,6104,563973,12930.22,6465.11,119863.14,78576.95,864346.42
QTN-00742,2026-11-15,XYZ Infra,Project 94,Painting,Nos,414,165,225,766,3891,8960,1826,48269,60467,14659,549501,13457.92,6728.96,124754.92,81783.78,899621.58
QTN-00743,2026-06-23,Skyline,Project 22,Earthwork,Nos,423,538,50,77,1287,3600,2650,39853,50479,15227,383315,9777.48,4888.74,90637.24,59417.75,653595.21
QTN-00744,2026-07-24,Skyline,Project 37,Earthwork,Nos,346,582,777,195,4474,2630,737,43348,37098,1057,704787,15725.8,7862.9,145778.17,95565.69,1051222.55
QTN-00745,2026-03-28,XYZ Infra,Project 6,RCC,Nos,403,118,495,147,4861,246,3436,35685,26674,11928,480319,11092.12,5546.06,102823.95,67406.81,741474.95
QTN-00746,2026-05-22,Skyline,Project 19,PCC,Nos,299,432,249,580,1480,5293,3522,15832,59442,2499,440786,10371.18,5185.59,96140.84,63025.66,693282.27
QTN-00747,2026-03-09,ABC Builders,Project 12,PCC,Nos,148,369,278,70,1130,1779,2112,42474,5551,6664,297784,7049.46,3524.73,65348.49,42839.57,471235.25
QTN-00748,2026-03-04,Green Homes,Project 49,Plastering,Nos,440,97,164,242,4091,6283,4867,559,14353,1549,447766,9284.54,4642.27,86067.69,56422.15,620643.65
QTN-00749,2026-06-23,SPPS Construction,Project 26,Painting,Nos,35,212,538,605,4369,168,1625,35292,19799,2051,541684,11976.52,5988.26,111022.34,72781.31,800594.43
QTN-00750,2026-04-08,ABC Builders,Project 12,Earthwork,Nos,204,102,270,151,2168,948,1705,28467,14591,5543,257509,6122.2,3061.1,56752.79,37204.61,409250.7
QTN-00751,2026-03-21,SPPS Construction,Project 46,Brickwork,Nos,122,541,553,176,906,6337,2898,42944,42870,5315,430354,10429.66,5214.83,96682.95,63381.04,697191.48
QTN-00752,2026-10-01,Green Homes,Project 76,Waterproofing,Nos,303,529,342,796,4682,2580,4332,913,30425,19223,737052,15752.26,7876.13,146023.45,95726.48,1052991.32
QTN-00753,2026-04-11,XYZ Infra,Project 59,Earthwork,Nos,485,438,683,321,2144,8561,2644,41826,43907,16128,522192,12481.06,6240.53,115699.43,75847.4,834321.42
QTN-00754,2026-05-17,ABC Builders,Project 27,Waterproofing,Nos,492,260,402,268,847,809,1391,48136,25775,11311,252708,6758.6,3379.3,62652.22,41072.01,451792.13
QTN-00755,2026-06-27,ABC Builders,Project 75,Earthwork,Nos,47,314,735,882,660,5404,4512,41681,19081,10784,403184,9494.6,4747.3,88014.94,57698.68,634685.53
QTN-00756,2026-02-05,Skyline,Project 70,Plastering,Nos,21,135,276,471,1504,3106,1612,21760,29588,3179,278610,6662.74,3331.37,61763.6,40489.47,445384.18
QTN-00757,2026-05-02,SPPS Construction,Project 47,Plastering,Nos,487,127,232,805,2440,8848,2324,46939,71756,12767,428418,11197.6,5598.8,103801.75,68047.82,748525.97
QTN-00758,2026-07-08,Skyline,Project 34,Waterproofing,Nos,133,65,336,752,85,3902,1497,18503,27284,12562,185458,4876.14,2438.07,45201.82,29632.3,325955.33
QTN-00759,2026-10-18,ABC Builders,Project 95,RCC,Nos,491,427,51,718,3506,5075,2746,46773,36151,4271,588686,13517.62,6758.81,125308.34,82146.58,903612.34
QTN-00760,2026-05-22,SPPS Construction,Project 80,PCC,Nos,446,214,794,475,3190,5277,405,17911,48812,9984,498691,11507.96,5753.98,106678.79,69933.87,769272.6
QTN-00761,2026-06-24,SPPS Construction,Project 13,PCC,Nos,431,263,294,471,186,5158,3786,24365,79503,19681,257390,7618.78,3809.39,70626.09,46299.33,509292.59
QTN-00762,2026-03-09,XYZ Infra,Project 30,Brickwork,Nos,272,448,595,437,1903,4827,2281,668,94905,627,485262,11629.24,5814.62,107803.05,70670.89,777379.81
QTN-00763,2026-06-07,Green Homes,Project 20,Earthwork,Nos,403,534,709,683,3992,1689,490,42008,9013,11731,692382,15102.68,7551.34,140001.84,91778.99,1009568.85
QTN-00764,2026-09-15,Green Homes,Project 45,Earthwork,Nos,293,237,196,738,2447,7836,4826,14939,85247,8152,461929,11405.34,5702.67,105727.5,69310.25,762412.76
QTN-00765,2026-02-14,Skyline,Project 11,Flooring,Nos,270,114,732,84,83,2940,2032,35022,34247,7030,151717,4560.32,2280.16,42274.17,27713.06,304843.71
QTN-00766,2026-10-21,SPPS Construction,Project 50,Waterproofing,Nos,483,6,787,884,1211,8972,2518,31479,50650,12368,336859,8627.12,4313.56,79973.4,52427.01,576697.09
QTN-00767,2026-09-15,ABC Builders,Project 67,Brickwork,Nos,20,576,733,604,4335,4251,2450,45382,41733,3407,751903,16848.5,8424.25,156185.6,102388.33,1126271.68
QTN-00768,2026-06-15,SPPS Construction,Project 60,Waterproofing,Nos,498,268,336,289,1154,3525,406,36177,3023,10650,297316,6943.32,3471.66,64364.58,42194.56,464140.11
QTN-00769,2026-04-14,Skyline,Project 95,Brickwork,Nos,334,320,734,98,4998,206,4571,29362,72508,17495,595549,14298.28,7149.14,132545.06,86890.65,955797.12
QTN-00770,2026-06-25,XYZ Infra,Project 22,Brickwork,Nos,392,106,186,566,2447,7609,3490,39188,48401,10447,378387,9528.46,4764.23,88328.82,57904.45,636948.97
QTN-00771,2026-05-23,ABC Builders,Project 63,PCC,Nos,160,465,151,291,1719,6312,2890,3882,19986,12546,438561,9499.5,4749.75,88060.36,57728.46,635013.08
QTN-00772,2026-04-17,XYZ Infra,Project 20,Brickwork,Nos,100,340,697,785,2815,3788,4139,2075,74012,6089,548528,12614.08,6307.04,116932.52,76655.76,843213.41
QTN-00773,2026-05-13,XYZ Infra,Project 69,Painting,Nos,71,540,552,256,1355,6654,1128,44500,95849,912,473865,12302.52,6151.26,114044.36,74762.41,822386.55
QTN-00774,2026-10-22,Green Homes,Project 10,Waterproofing,Nos,372,581,123,145,1753,6045,1767,21249,32099,17688,470292,10826.56,5413.28,100362.21,65793.01,723723.06
QTN-00775,2026-03-02,Skyline,Project 9,Flooring,Nos,490,117,503,473,600,5217,1981,29672,27268,4038,238367,5986.9,2993.45,55498.56,36382.39,400206.3
QTN-00776,2026-08-08,Green Homes,Project 95,Flooring,Nos,87,108,473,279,4074,6023,473,47862,85858,17083,474127,12498.6,6249.3,115862.02,75953.99,835493.91
QTN-00777,2026-09-23,Skyline,Project 4,Earthwork,Nos,87,527,154,225,2709,4313,2073,15679,96669,12262,516222,12816.64,6408.32,118810.25,77886.72,856753.93
QTN-00778,2026-11-12,ABC Builders,Project 81,Flooring,Nos,179,185,522,603,4359,5535,4799,28350,89992,1563,573374,13865.58,6932.79,128533.93,84261.13,926872.43
QTN-00779,2026-11-14,ABC Builders,Project 47,Painting,Nos,103,79,404,0,39,2262,2138,13918,35712,4223,91029,2897.64,1448.82,26861.12,17608.96,193698.54
QTN-00780,2026-05-04,SPPS Construction,Project 28,RCC,Nos,248,389,210,190,2753,3867,2276,4733,98133,1961,454337,11183.28,5591.64,103669.01,67960.79,747568.72
QTN-00781,2026-12-02,Skyline,Project 36,Painting,Nos,62,417,791,501,1329,6112,2270,7647,63488,15060,461891,10961.72,5480.86,101615.14,66614.37,732758.1
QTN-00782,2026-10-06,Green Homes,Project 1,Brickwork,Nos,328,338,28,259,1966,1208,1628,2253,92256,7953,344162,8932.48,4466.24,82804.09,54282.68,597109.49
QTN-00783,2026-10-22,ABC Builders,Project 93,Brickwork,Nos,146,522,565,336,4691,6855,578,9722,7257,556,727663,14903.96,7451.98,138159.71,90571.36,996285.01
QTN-00784,2026-06-02,XYZ Infra,Project 95,Earthwork,Nos,147,125,72,225,160,409,1892,17445,45841,9374,106174,3576.68,1788.34,33155.82,21735.48,239090.33
QTN-00785,2026-03-28,XYZ Infra,Project 81,Waterproofing,Nos,152,194,608,275,2924,8980,4615,20156,65299,19776,464695,11398.52,5699.26,105664.28,69268.81,761956.87
QTN-00786,2026-07-27,SPPS Construction,Project 81,Waterproofing,Nos,326,533,447,533,4579,2543,3597,22937,9013,15204,706936,15081.8,7540.9,139808.29,91652.1,1008173.08
QTN-00787,2026-07-19,ABC Builders,Project 23,Plastering,Nos,446,177,625,579,3914,5993,234,49537,82120,7004,540858,13590.38,6795.19,125982.82,82588.74,908476.13
QTN-00788,2026-06-20,Green Homes,Project 25,RCC,Nos,274,292,798,706,4552,7343,3756,22770,65882,17930,683860,15808.84,7904.42,146547.95,96070.32,1056773.53
QTN-00789,2026-08-08,Skyline,Project 2,Plastering,Nos,183,335,588,271,2379,1010,1074,43923,99616,6190,417889,11352.36,5676.18,105236.38,68988.29,758871.21
QTN-00790,2026-08-13,SPPS Construction,Project 68,Flooring,Nos,123,170,65,428,2334,9703,4302,30842,77087,14118,390036,10241.66,5120.83,94940.19,62238.57,684624.25
QTN-00791,2026-04-26,XYZ Infra,Project 72,Painting,Nos,235,201,789,414,3822,4885,4257,9128,28490,12558,533237,11668.26,5834.13,108164.77,70908.02,779988.18
QTN-00792,2026-02-18,Green Homes,Project 5,Plastering,Nos,424,309,145,644,1358,6966,2776,11547,57224,19702,388284,9535.14,4767.57,88390.75,57945.05,637395.5
QTN-00793,2026-11-28,ABC Builders,Project 55,Flooring,Nos,195,347,695,28,971,6816,4090,15692,73143,1911,346553,8745.98,4372.99,81075.23,53149.32,584642.53
QTN-00794,2026-12-19,Green Homes,Project 19,Flooring,Nos,451,33,741,169,3489,6037,4439,37943,92340,14233,408820,11066.72,5533.36,102588.49,67252.46,739777.03
QTN-00795,2026-03-09,Green Homes,Project 75,Flooring,Nos,290,140,475,102,3500,9187,4897,20264,44850,1257,454133,10410.08,5205.04,96501.44,63262.06,695882.62
QTN-00796,2026-03-13,Skyline,Project 43,Flooring,Nos,138,181,749,460,4081,6981,2010,21172,20205,6899,560503,12175.58,6087.79,112867.63,73991,813901
QTN-00797,2026-04-11,Skyline,Project 94,Brickwork,Nos,171,264,261,245,209,6992,2823,41551,34905,18643,243514,6772.26,3386.13,62778.85,41155.02,452705.26
QTN-00798,2026-02-11,ABC Builders,Project 45,PCC,Nos,43,90,93,606,1953,3326,2134,434,18588,3828,295877,6374.54,3187.27,59091.99,38738.08,426118.88
QTN-00799,2026-11-14,ABC Builders,Project 90,Plastering,Nos,282,13,41,590,2454,3391,760,41838,53979,13533,291868,8024.36,4012.18,74385.82,48764.04,536404.39
QTN-00800,2026-02-20,Green Homes,Project 92,RCC,Nos,389,86,197,310,4621,1136,3246,41709,44013,19264,450569,11111.1,5555.55,102999.9,67522.15,742743.7
QTN-00801,2026-07-28,SPPS Construction,Project 87,Waterproofing,Nos,78,254,495,624,92,4213,4120,39103,24835,10538,273504,6959.6,3479.8,64515.49,42293.49,465228.38
QTN-00802,2026-01-19,SPPS Construction,Project 96,Earthwork,Nos,348,185,204,663,4896,5652,3147,20745,56808,12047,594693,13685.86,6842.93,126867.92,83168.97,914858.68
QTN-00803,2026-09-04,Skyline,Project 41,PCC,Nos,482,159,395,565,3779,4886,4992,44246,30797,621,498455,11482.38,5741.19,106441.66,69778.42,767562.66
QTN-00804,2026-01-11,Green Homes,Project 61,PCC,Nos,221,276,646,803,2346,4088,4842,14641,39282,10959,485736,11012.36,5506.18,102084.58,66922.11,736143.23
QTN-00805,2026-02-03,ABC Builders,Project 92,RCC,Nos,183,155,609,110,3519,8120,2810,20190,8645,17669,463365,10197.38,5098.69,94529.71,61969.48,681664.26
QTN-00806,2026-12-23,Green Homes,Project 20,Painting,Nos,16,434,700,123,1472,1810,2132,43841,53685,17804,393072,10168.04,5084.02,94257.73,61791.18,679702.97
QTN-00807,2026-09-24,ABC Builders,Project 81,RCC,Nos,318,372,733,872,2792,3844,3076,5903,67559,18875,573908,13324.9,6662.45,123521.82,80975.42,890729.59
QTN-00808,2026-05-27,ABC Builders,Project 50,RCC,Nos,433,571,676,190,1575,8678,1808,8862,79385,18365,523187,12595.98,6297.99,116764.73,76545.77,842003.48
QTN-00809,2026-09-23,XYZ Infra,Project 99,Plastering,Nos,70,57,617,800,1288,6183,2513,44589,2326,16612,319587,7662.28,3831.14,71029.34,46563.68,512200.43
QTN-00810,2026-01-24,ABC Builders,Project 39,Plastering,Nos,429,211,509,161,1303,4699,2745,8685,52476,6645,293052,7217.16,3608.58,66903.07,43858.68,482445.49
QTN-00811,2026-12-21,XYZ Infra,Project 8,RCC,Nos,60,391,416,656,1875,9275,1357,29379,73257,5115,504132,12237.66,6118.83,113443.11,74368.26,818050.86
QTN-00812,2026-05-23,Green Homes,Project 49,Plastering,Nos,376,5,275,846,3561,3624,3040,14340,78761,2928,424877,10418.12,5209.06,96575.97,63310.92,696420.07
QTN-00813,2026-04-27,Green Homes,Project 25,Waterproofing,Nos,430,277,6,70,4628,1579,1570,36105,27761,1349,494832,11200.94,5600.47,103832.71,68068.11,748749.24
QTN-00814,2026-06-11,ABC Builders,Project 85,Waterproofing,Nos,372,411,50,677,3752,2999,1286,23867,68609,7714,576868,13541.16,6770.58,125526.55,82289.63,905185.92
QTN-00815,2026-06-02,ABC Builders,Project 91,PCC,Nos,27,235,556,5,2156,257,158,12171,50694,14326,314744,7838.7,3919.35,72664.75,47635.78,523993.58
QTN-00816,2026-09-23,XYZ Infra,Project 81,RCC,Nos,308,231,385,368,1893,4469,1635,34950,60732,18377,358272,9446.62,4723.31,87570.17,57407.11,631478.21
QTN-00817,2026-11-12,Skyline,Project 72,PCC,Nos,488,459,124,882,4502,8869,2563,10187,42517,2283,733475,15769.24,7884.62,146180.85,95829.67,1054126.39
QTN-00818,2026-09-06,Skyline,Project 65,Flooring,Nos,120,399,320,845,2266,1148,3989,12416,10215,19285,489673,10631.78,5315.89,98556.6,64609.33,710702.6
QTN-00819,2026-04-04,SPPS Construction,Project 65,Brickwork,Nos,339,326,684,526,1981,3846,976,12322,26412,13515,444859,9942.16,4971.08,92163.82,60418.51,664603.57
QTN-00820,2026-10-01,Skyline,Project 87,RCC,Nos,462,228,494,217,2150,5852,2459,3506,75189,13261,378685,9412.82,4706.41,87256.84,57201.71,629218.78
QTN-00821,2026-05-03,Green Homes,Project 54,Waterproofing,Nos,462,43,272,361,2786,9205,3794,4543,45421,5391,370814,8523.38,4261.69,79011.73,51796.58,569762.38
QTN-00822,2026-09-26,SPPS Construction,Project 25,Painting,Nos,350,398,761,14,4758,3272,2998,10141,44790,18916,627684,14030.62,7015.31,130063.85,85264.08,937904.86
QTN-00823,2026-02-08,SPPS Construction,Project 6,RCC,Nos,298,125,301,798,1908,8752,1216,14527,74587,2956,390422,9649.84,4824.92,89454.02,58642.08,645062.85
QTN-00824,2026-10-22,SPPS Construction,Project 92,PCC,Nos,125,417,715,285,3876,2621,3270,29727,35867,4920,593988,13290.04,6645.02,123198.67,80763.57,888399.3
QTN-00825,2026-06-22,SPPS Construction,Project 31,Brickwork,Nos,318,305,720,745,967,3392,1750,40284,16368,5388,385661,8954.02,4477.01,83003.77,54413.58,598549.37
QTN-00826,2026-05-27,SPPS Construction,Project 11,Brickwork,Nos,417,148,460,528,1156,218,2706,32026,60780,214,257910,7018.6,3509.3,65062.42,42652.03,469172.35
QTN-00827,2026-11-19,Green Homes,Project 45,Flooring,Nos,410,94,260,426,3357,5376,877,28491,81711,14442,409880,10690.48,5345.24,99100.75,64966.05,714626.52
QTN-00828,2026-12-07,Skyline,Project 66,Brickwork,Nos,169,9,356,251,4482,7956,1975,21025,63528,12734,464423,11234.2,5617.1,104141.03,68270.23,750972.57
QTN-00829,2026-07-20,ABC Builders,Project 53,Brickwork,Nos,37,378,254,738,4749,8241,4902,14365,78341,262,705985,15979.06,7989.53,148125.89,97104.75,1068152.22
QTN-00830,2026-04-27,SPPS Construction,Project 94,Brickwork,Nos,297,452,678,278,2417,5044,2292,16362,54651,15466,514919,12027.96,6013.98,111499.19,73093.91,804033.04
QTN-00831,2026-01-18,SPPS Construction,Project 37,Earthwork,Nos,396,393,717,100,3983,3942,4139,20422,28226,4512,580610,12675.4,6337.7,117500.96,77028.41,847312.46
QTN-00832,2026-04-23,Skyline,Project 82,Flooring,Nos,264,310,340,333,226,793,2239,5033,36194,12682,232193,5722.04,2861.02,53043.31,34772.84,382501.21
QTN-00833,2026-09-28,Green Homes,Project 95,Flooring,Nos,110,126,109,298,489,3281,1872,48148,38504,19367,165975,5439.88,2719.94,50427.69,33058.15,363639.66
QTN-00834,2026-09-10,ABC Builders,Project 71,Earthwork,Nos,279,533,624,457,3969,2362,2887,13992,40927,15758,664068,14694.9,7347.45,136221.72,89300.91,982309.98
QTN-00835,2026-12-28,Skyline,Project 8,Brickwork,Nos,77,229,234,393,4122,3576,2590,47569,51524,12396,509278,12415.34,6207.67,115090.2,75448.02,829928.23
QTN-00836,2026-05-06,Skyline,Project 68,Flooring,Nos,396,132,108,705,1606,7528,4798,19274,53745,14731,338112,8517.24,4258.62,78954.81,51759.27,569351.94
QTN-00837,2026-05-06,SPPS Construction,Project 67,RCC,Nos,279,74,452,349,4663,9839,3630,44907,89006,8701,543407,13720.42,6860.21,127188.29,83378.99,917168.92
QTN-00838,2026-06-02,Green Homes,Project 57,Plastering,Nos,357,94,635,365,4197,1280,273,35851,66742,1418,462188,11323.98,5661.99,104973.29,68815.83,756974.09
QTN-00839,2026-07-04,ABC Builders,Project 61,Flooring,Nos,157,287,456,135,57,7150,784,3631,54249,7540,244089,6190.18,3095.09,57382.97,37617.72,413794.96
QTN-00840,2026-09-10,SPPS Construction,Project 2,PCC,Nos,482,161,623,77,3669,5653,4571,21787,44249,13326,456500,10717.24,5358.62,99348.81,65128.67,716415.34
QTN-00841,2026-06-16,Green Homes,Project 46,RCC,Nos,68,300,34,283,280,384,3450,37189,77537,9998,199202,6478.52,3239.26,60055.88,39369.97,433069.63
QTN-00842,2026-08-10,Skyline,Project 42,Earthwork,Nos,464,273,487,275,4316,7590,1682,13157,2551,3553,580912,12003.46,6001.73,111272.07,72945.03,802395.29
QTN-00843,2026-10-05,ABC Builders,Project 74,RCC,Nos,119,112,256,420,1097,4569,1582,33137,53808,2990,241689,6632.48,3316.24,61483.09,40305.58,443361.39
QTN-00844,2026-03-14,Skyline,Project 37,Flooring,Nos,458,374,456,313,2337,5281,4735,39025,57863,10178,464598,11433.28,5716.64,105986.51,69480.04,764280.47
QTN-00845,2026-03-24,SPPS Construction,Project 22,RCC,Nos,369,350,393,193,519,5419,3901,18905,53506,4865,298278,7511.08,3755.54,69627.71,45644.83,502093.16
QTN-00846,2026-10-19,ABC Builders,Project 80,Waterproofing,Nos,401,41,725,433,668,6572,1459,28012,58802,15164,232545,6690.46,3345.23,62020.56,40657.93,447237.18
QTN-00847,2026-09-08,SPPS Construction,Project 84,Flooring,Nos,487,223,544,371,3420,2388,3288,1337,55519,18747,467282,10857.7,5428.85,100650.88,65982.24,725804.67
QTN-00848,2026-10-27,XYZ Infra,Project 63,Waterproofing,Nos,127,503,652,514,51,8840,3137,111,13852,12580,417872,8888.3,4444.15,82394.54,54014.2,594156.19
QTN-00849,2026-08-06,Skyline,Project 5,Painting,Nos,431,528,81,563,3117,1749,877,13784,12502,16046,560284,12052.32,6026.16,111725.01,73241.95,805661.44
QTN-00850,2026-08-11,Skyline,Project 79,Waterproofing,Nos,499,173,492,82,1915,7799,2887,43217,48935,18490,335954,8931.92,4465.96,82798.9,54279.28,597072.06
QTN-00851,2026-06-19,SPPS Construction,Project 94,RCC,Nos,122,69,521,463,3245,2627,4188,32531,60760,12976,396869,10062.72,5031.36,93281.41,61151.15,672662.64
QTN-00852,2026-06-28,SPPS Construction,Project 74,Waterproofing,Nos,26,28,375,63,2291,4010,1833,33765,37773,6692,255898,6682.56,3341.28,61947.33,40609.92,446709.09
QTN-00853,2026-02-17,ABC Builders,Project 4,Flooring,Nos,335,142,324,609,1500,7712,4190,38198,84334,9235,341286,9461.06,4730.53,87704.03,57494.86,632443.48
QTN-00854,2026-05-04,Green Homes,Project 49,Waterproofing,Nos,78,253,182,116,2496,1777,126,39113,12775,6593,343872,8047.06,4023.53,74596.25,48901.98,537921.82
QTN-00855,2026-09-25,XYZ Infra,Project 20,Flooring,Nos,434,64,722,594,4897,4231,3885,14663,21642,9671,562848,12176.48,6088.24,112875.97,73996.47,813961.16
QTN-00856,2026-10-26,SPPS Construction,Project 98,Earthwork,Nos,422,38,36,602,4009,3091,371,6554,41828,17034,417994,9668.2,4834.1,89624.21,58753.65,646290.17
QTN-00857,2026-11-25,SPPS Construction,Project 34,Earthwork,Nos,499,573,256,47,3062,7287,3111,47941,34287,3529,575027,13215.68,6607.84,122509.35,80311.69,883428.56
QTN-00858,2026-03-21,SPPS Construction,Project 6,Waterproofing,Nos,379,94,225,447,4376,5782,1457,47487,4372,8668,489853,11007.6,5503.8,102040.45,66893.19,735825.04
QTN-00859,2026-12-15,SPPS Construction,Project 74,PCC,Nos,10,176,100,306,3615,9948,4001,23421,77886,6622,478630,11731.18,5865.59,108748.04,71290.38,784194.19
QTN-00860,2026-12-08,XYZ Infra,Project 99,Waterproofing,Nos,96,87,252,20,2433,5724,4804,34893,18217,15193,294781,7261.68,3630.84,67315.77,44129.23,485421.52
QTN-00861,2026-01-27,ABC Builders,Project 90,PCC,Nos,181,322,377,534,3543,6355,4733,35263,87707,7742,560438,13823,6911.5,128139.21,84002.37,924026.08
QTN-00862,2026-10-21,XYZ Infra,Project 21,Earthwork,Nos,263,513,226,54,2016,7231,3242,38540,95432,179,467700,12037.02,6018.51,111583.18,73148.97,804638.68
QTN-00863,2026-03-11,ABC Builders,Project 92,PCC,Nos,465,583,297,776,2060,3254,2848,16271,66594,9701,562610,13103.52,6551.76,121469.63,79630.09,875931
QTN-00864,2026-01-18,SPPS Construction,Project 65,Plastering,Nos,141,246,443,486,640,4365,1817,31136,27611,6832,289197,7095.52,3547.76,65775.47,43119.48,474314.23
QTN-00865,2026-04-05,Green Homes,Project 75,Brickwork,Nos,261,357,27,319,2459,6837,871,23582,47524,15391,441082,10551.58,5275.79,97813.15,64121.95,705341.47
QTN-00866,2026-10-13,SPPS Construction,Project 4,Painting,Nos,325,288,360,643,691,711,331,15526,55112,7273,293404,7426.3,3713.15,68841.8,45129.63,496425.88
QTN-00867,2026-01-04,ABC Builders,Project 72,Waterproofing,Nos,115,334,469,506,1501,8845,567,17125,62549,7009,432442,10382.5,5191.25,96245.77,63094.45,694038.98
QTN-00868,2026-07-22,Skyline,Project 6,Flooring,Nos,308,512,556,625,4697,9016,4106,46104,84010,6977,778389,18309.6,9154.8,169729.99,111267.44,1223941.83
QTN-00869,2026-02-03,SPPS Construction,Project 13,PCC,Nos,357,448,52,665,4979,5407,1062,13490,45022,12165,703303,15479.6,7739.8,143495.89,94069.53,1034764.82
QTN-00870,2026-06-03,Skyline,Project 31,Brickwork,Nos,184,73,492,805,4557,2777,248,34479,99478,3584,533049,13411.8,6705.9,124327.39,81503.51,896538.59
QTN-00871,2026-06-23,ABC Builders,Project 57,Plastering,Nos,345,48,502,105,3833,8187,4919,47817,12891,16225,432250,10183.66,5091.83,94402.53,61886.1,680747.12
QTN-00872,2026-11-16,Skyline,Project 93,PCC,Nos,35,363,270,149,719,8622,2582,28318,22625,5214,328313,7689.4,3844.7,71280.74,46728.48,514013.32
QTN-00873,2026-05-21,ABC Builders,Project 74,RCC,Nos,292,375,534,847,3442,5257,544,28060,10592,10385,613860,13257.94,6628.97,122901.1,80568.5,886253.52
QTN-00874,2026-01-14,ABC Builders,Project 72,Brickwork,Nos,498,213,525,728,2914,286,1106,33690,74303,6519,447154,11233.32,5616.66,104132.88,68264.89,750913.74
QTN-00875,2026-02-25,Skyline,Project 84,PCC,Nos,23,52,630,299,1504,4116,4169,39583,76612,12759,259577,7770.62,3885.31,72033.65,47222.06,519442.64
QTN-00876,2026-08-17,Skyline,Project 33,Earthwork,Nos,32,215,622,238,2286,2631,3648,8767,54167,17860,371216,9040.2,4520.1,83802.65,54937.3,604310.25
QTN-00877,2026-01-21,Green Homes,Project 94,PCC,Nos,282,593,243,288,1252,9801,3301,143,34304,829,496459,10634.7,5317.35,98583.67,64627.07,710897.79
QTN-00878,2026-09-11,SPPS Construction,Project 5,Plastering,Nos,409,89,548,600,3482,8861,1227,26458,52066,1381,489155,11381.2,5690.6,105503.72,69163.55,760799.08
QTN-00879,2026-08-15,Skyline,Project 27,RCC,Nos,101,460,766,564,396,3323,2222,14105,8416,18170,394466,8703.14,4351.57,80678.11,52888.98,581778.8
QTN-00880,2026-08-26,XYZ Infra,Project 64,Brickwork,Nos,183,449,478,511,2056,1820,3839,47184,45944,15746,474209,11661.66,5830.83,108103.59,70867.91,779546.99
QTN-00881,2026-05-08,SPPS Construction,Project 45,Plastering,Nos,384,544,254,523,1400,8742,2610,3862,64817,19893,505426,11879.96,5939.98,110127.23,72194.52,794139.69
QTN-00882,2026-03-03,XYZ Infra,Project 3,RCC,Nos,290,193,222,178,4491,5370,560,25582,83764,6429,506315,12441.8,6220.9,115335.49,75608.82,831697
QTN-00883,2026-09-09,Green Homes,Project 94,Brickwork,Nos,97,45,272,533,1518,1164,3670,16235,53147,9454,232802,6232.76,3116.38,57777.69,37876.48,416641.31
QTN-00884,2026-02-05,Skyline,Project 77,Painting,Nos,175,52,425,637,1468,3528,2812,49305,4369,19091,274976,6954.82,3477.41,64471.18,42264.44,464908.85
QTN-00885,2026-08-05,Skyline,Project 65,Plastering,Nos,41,341,388,101,3919,4000,4029,28084,49160,9279,526564,12261.74,6130.87,113666.33,74514.59,819660.53
QTN-00886,2026-08-15,SPPS Construction,Project 2,Plastering,Nos,218,380,158,701,3195,534,281,44038,88195,3159,511938,12946.6,6473.3,120014.98,78676.49,865441.37
QTN-00887,2026-05-26,Skyline,Project 8,Plastering,Nos,366,307,533,274,1120,8031,377,25866,32656,723,362295,8430.8,4215.4,78153.52,51233.97,563573.69
QTN-00888,2026-06-20,SPPS Construction,Project 41,RCC,Nos,182,200,229,522,4146,7281,4053,15684,38818,5398,544211,12082.22,6041.11,112002.18,73423.65,807660.16
QTN-00889,2026-02-16,XYZ Infra,Project 8,RCC,Nos,463,246,322,387,4229,4484,3769,8927,58509,4155,539716,12226.14,6113.07,113336.32,74298.25,817280.78
QTN-00890,2026-07-20,XYZ Infra,Project 45,Earthwork,Nos,343,227,101,772,3477,1613,3582,47722,82307,11998,480131,12443.16,6221.58,115348.09,75617.08,831787.92
QTN-00891,2026-03-08,Green Homes,Project 95,Earthwork,Nos,279,450,673,81,2339,3980,2855,6913,56307,742,476180,10802.84,5401.42,100142.33,65648.86,722137.45
QTN-00892,2026-07-13,XYZ Infra,Project 29,Painting,Nos,146,286,37,234,2646,3310,3383,26579,12655,4295,388053,8631.64,4315.82,80015.3,52454.48,576999.24
QTN-00893,2026-12-06,XYZ Infra,Project 98,Waterproofing,Nos,99,212,77,89,251,7506,1743,47430,75768,6732,192856,6455.72,3227.86,59844.52,39231.41,431545.51
QTN-00894,2026-01-24,Green Homes,Project 52,Flooring,Nos,292,21,102,207,2941,6252,4320,30785,61301,5837,317361,8305.68,4152.84,76993.65,50473.62,555209.79
QTN-00895,2026-10-10,Skyline,Project 50,Painting,Nos,285,549,338,664,4968,7277,3265,49063,89591,10687,787851,18743.84,9371.92,173755.4,113906.32,1252969.47
QTN-00896,2026-08-14,Green Homes,Project 55,Painting,Nos,450,299,588,869,4707,3562,4510,13992,58662,17185,671901,15234.8,7617.4,141226.6,92581.88,1018400.68
QTN-00897,2026-05-09,ABC Builders,Project 4,Painting,Nos,368,255,109,674,2168,2901,3884,7642,43771,9648,394042,9102.06,4551.03,84376.1,55313.22,608445.4
QTN-00898,2026-08-09,Green Homes,Project 40,PCC,Nos,328,231,774,262,3468,82,4057,30515,41384,6205,462123,10804.54,5402.27,100158.09,65659.19,722251.09
QTN-00899,2026-01-16,ABC Builders,Project 21,Flooring,Nos,94,562,137,642,4340,3600,1572,8089,85848,17150,696772,16157.18,8078.59,149777.06,98187.18,1080059.01
QTN-00900,2026-06-20,SPPS Construction,Project 19,RCC,Nos,99,240,103,529,1891,4859,2670,12495,19188,19786,363087,8291.12,4145.56,76858.68,50385.14,554236.5
QTN-00901,2026-09-20,Green Homes,Project 98,RCC,Nos,56,40,234,769,1484,9723,1704,18345,30492,7537,319788,7523.24,3761.62,69740.43,45718.73,502906.02
QTN-00902,2026-10-16,Green Homes,Project 77,RCC,Nos,414,382,799,241,3128,9602,2795,20206,16602,1877,578951,12352.72,6176.36,114509.71,75067.48,825742.27
QTN-00903,2026-01-19,ABC Builders,Project 12,Earthwork,Nos,178,21,2,886,1223,9887,2965,33021,96505,10816,289716,8601.16,4300.58,79732.75,52269.25,574961.74
QTN-00904,2026-12-11,XYZ Infra,Project 26,Brickwork,Nos,205,483,155,400,3528,5904,2960,492,56936,12707,592542,13253.54,6626.77,122860.32,80541.76,885959.39
QTN-00905,2026-02-24,ABC Builders,Project 15,Flooring,Nos,418,315,557,681,471,5298,4601,45731,58499,17718,350340,9445.76,4722.88,87562.2,57401.88,631420.72
QTN-00906,2026-07-28,Green Homes,Project 55,Waterproofing,Nos,413,98,91,461,2322,2708,1191,3319,84291,9288,303705,8012.06,4006.03,74271.8,48689.29,535582.17
QTN-00907,2026-09-02,Skyline,Project 63,Earthwork,Nos,91,468,169,814,1267,9540,4689,43910,30724,8847,497834,11626.3,5813.15,107775.8,70653.03,777183.28
QTN-00908,2026-12-13,Green Homes,Project 19,Plastering,Nos,152,47,366,16,2357,1669,3931,44843,87297,10538,246408,7781.72,3890.86,72136.54,47289.51,520184.64
QTN-00909,2026-09-12,XYZ Infra,Project 47,Brickwork,Nos,66,72,678,186,1119,6932,3465,30640,69327,3669,251806,7108.84,3554.42,65898.95,43200.42,475204.63
QTN-00910,2026-01-28,XYZ Infra,Project 41,PCC,Nos,435,517,35,671,476,7422,4044,16577,42524,15137,415090,9786.56,4893.28,90721.41,59472.93,654202.18
QTN-00911,2026-11-28,SPPS Construction,Project 93,Flooring,Nos,408,125,441,672,968,7324,3239,28205,89435,19309,306601,8871,4435.5,82234.17,53909.07,592999.74
QTN-00912,2026-10-20,SPPS Construction,Project 99,PCC,Nos,400,213,758,614,4844,7768,620,43280,8997,5959,656234,14289.4,7144.7,132462.74,86836.68,955203.52
QTN-00913,2026-09-12,Green Homes,Project 14,PCC,Nos,105,92,9,878,167,4606,246,19945,78017,9156,197099,6084.34,3042.17,56401.83,36974.53,406719.88
QTN-00914,2026-07-12,ABC Builders,Project 91,Plastering,Nos,109,54,176,285,4445,2999,2498,21409,40255,15709,432445,10196.36,5098.18,94520.26,61963.28,681596.08
QTN-00915,2026-07-15,ABC Builders,Project 39,Plastering,Nos,101,127,147,82,172,1744,1959,35954,31673,1449,107561,3532.74,1766.37,32748.5,21468.46,236153.07
QTN-00916,2026-06-21,Green Homes,Project 20,RCC,Nos,19,417,407,461,4395,1326,1746,49365,67799,451,617509,14702.48,7351.24,136291.99,89346.97,982816.68
QTN-00917,2026-07-26,ABC Builders,Project 39,Painting,Nos,334,426,699,365,1268,325,1846,45161,48457,9221,390966,9876.1,4938.05,91551.45,60017.06,660187.66
QTN-00918,2026-07-01,Skyline,Project 45,Brickwork,Nos,344,264,407,670,2157,623,1369,41455,3823,7502,399888,9053.36,4526.68,83924.65,55017.27,605189.96
QTN-00919,2026-09-01,ABC Builders,Project 78,Flooring,Nos,296,312,587,22,3695,8949,1612,42808,65961,13810,540329,13258.16,6629.08,122903.14,80569.84,886268.22
QTN-00920,2026-06-27,Green Homes,Project 50,Painting,Nos,152,252,488,91,2482,1897,808,21976,87370,3109,365494,9558.98,4779.49,88611.74,58089.92,638989.14
QTN-00921,2026-08-11,ABC Builders,Project 90,Waterproofing,Nos,148,81,68,98,3800,4818,4420,25146,89231,19108,381614,10301.98,5150.99,95499.35,62605.13,688656.46
QTN-00922,2026-09-20,Green Homes,Project 11,PCC,Nos,124,406,19,450,4941,7497,3508,32986,17538,9359,672279,14643.24,7321.62,135742.83,88986.97,978856.66
QTN-00923,2026-07-14,Skyline,Project 92,RCC,Nos,227,594,21,157,1150,3354,2703,30001,51855,15916,403605,10027.54,5013.77,92955.3,60937.36,670310.97
QTN-00924,2026-01-14,Green Homes,Project 47,Flooring,Nos,75,547,568,626,3229,4845,2729,20299,72358,16652,650374,15193.66,7596.83,140845.23,92331.87,1015650.59
QTN-00925,2026-02-06,Green Homes,Project 74,PCC,Nos,247,78,703,662,2931,3946,2334,34874,52993,15400,424507,10555.48,5277.74,97849.3,64145.65,705602.17
QTN-00926,2026-06-23,XYZ Infra,Project 64,Painting,Nos,27,514,232,725,727,5655,319,669,17505,16755,436944,9437.46,4718.73,87485.25,57351.44,630865.89
QTN-00927,2026-11-07,SPPS Construction,Project 16,RCC,Nos,367,366,353,802,4300,5113,4262,39069,74247,18599,656846,15775.22,7887.61,146236.29,95866.01,1054526.13
QTN-00928,2026-01-16,Green Homes,Project 72,Waterproofing,Nos,446,564,640,8,1349,6731,2427,42533,69924,19823,463410,11913.8,5956.9,110440.93,72400.16,796401.79
QTN-00929,2026-06-26,Green Homes,Project 14,Brickwork,Nos,139,424,553,679,2734,7475,2442,49924,7066,19644,583812,13208.92,6604.46,122446.69,80270.61,882976.68
QTN-00930,2026-04-04,ABC Builders,Project 20,Waterproofing,Nos,437,222,333,186,4534,4905,4770,46394,82254,5944,532920,13350.24,6675.12,123756.72,81129.41,892423.49
QTN-00931,2026-05-03,ABC Builders,Project 63,Plastering,Nos,137,580,100,10,3425,2861,1226,19075,65246,6520,551189,12840.6,6420.3,119032.36,78032.33,858355.59
QTN-00932,2026-10-16,Green Homes,Project 81,Earthwork,Nos,410,314,581,452,3474,8229,4609,23175,88956,16283,573011,14028.5,7014.25,130044.19,85251.19,937763.14
QTN-00933,2026-12-13,Green Homes,Project 48,Flooring,Nos,177,494,764,286,1504,6330,1609,44507,44323,8520,482789,11602.78,5801.39,107557.77,70510.09,775611.03
QTN-00934,2026-01-24,ABC Builders,Project 76,RCC,Nos,321,437,688,466,2398,8597,4555,14020,16349,1945,560791,11862.1,5931.05,109961.67,72085.98,792945.8
QTN-00935,2026-03-27,XYZ Infra,Project 87,Earthwork,Nos,156,380,621,180,1534,6945,444,22468,50696,18777,413334,10105.5,5052.75,93677.99,61411.12,675522.36
QTN-00936,2026-07-25,XYZ Infra,Project 91,Flooring,Nos,309,534,497,97,2702,7688,3354,46321,54811,1377,559208,13234.34,6617.17,122682.33,80425.08,884675.93
QTN-00937,2026-11-14,SPPS Construction,Project 47,PCC,Nos,79,21,488,501,4001,3218,1503,23496,64722,16578,435932,10814.56,5407.28,100250.97,65720.08,722920.89
QTN-00938,2026-06-28,Skyline,Project 16,RCC,Nos,217,320,533,800,274,3704,2468,15471,84070,9170,335290,8880.02,4440.01,82317.79,53963.88,593602.7
QTN-00939,2026-02-21,ABC Builders,Project 79,Painting,Nos,374,349,736,318,3364,2156,2205,21533,94110,14746,525843,13124.64,6562.32,121665.41,79758.44,877342.81
QTN-00940,2026-01-01,XYZ Infra,Project 19,Earthwork,Nos,218,145,478,173,1423,9390,2251,19931,92664,9949,308346,8617.8,4308.9,79887.01,52370.37,576074.08
QTN-00941,2026-09-02,Green Homes,Project 14,RCC,Nos,391,598,23,48,1448,6304,811,40690,32076,18250,436543,10551.18,5275.59,97809.44,64119.52,705314.73
QTN-00942,2026-07-23,ABC Builders,Project 17,Earthwork,Nos,20,558,97,767,2968,6222,3679,9353,79085,5905,626955,14425.96,7212.98,133728.65,87666.56,964332.15
QTN-00943,2026-07-14,SPPS Construction,Project 79,Earthwork,Nos,447,451,721,133,67,2693,3761,22561,92060,12599,306920,8682.8,4341.4,80489.56,52765.38,580419.13
QTN-00944,2026-09-16,ABC Builders,Project 13,Brickwork,Nos,54,225,3,801,2169,3831,1510,35608,86862,3277,392443,10363.8,5181.9,96072.43,62980.81,692788.94
QTN-00945,2026-02-25,XYZ Infra,Project 52,Flooring,Nos,361,78,461,37,4215,6124,4122,44488,39087,8338,445659,10751.44,5375.72,99665.85,65336.5,718701.51
QTN-00946,2026-10-19,Green Homes,Project 68,Painting,Nos,145,218,222,597,4664,9672,4381,32081,51779,7480,619057,14207.94,7103.97,131707.6,86341.65,949758.17
QTN-00947,2026-10-22,SPPS Construction,Project 15,Plastering,Nos,363,447,297,631,3265,1824,1472,39719,52728,4885,561569,13178.02,6589.01,122160.25,80082.83,880911.1
QTN-00948,2026-06-28,XYZ Infra,Project 16,Brickwork,Nos,487,436,415,698,3090,6659,3437,31284,67539,17756,601619,14363.96,7181.98,133153.91,87289.78,960187.63
QTN-00949,2026-12-20,XYZ Infra,Project 19,Painting,Nos,371,311,499,37,166,6121,4548,37348,41065,16969,250276,6913.16,3456.58,64084.99,42011.27,462124.01
QTN-00950,2026-12-04,Skyline,Project 24,Painting,Nos,145,280,683,776,3528,4078,3768,47833,38584,8140,574752,13386.18,6693.09,124089.89,81347.82,894825.97
QTN-00951,2026-11-19,Skyline,Project 2,Earthwork,Nos,425,493,505,816,2617,1922,3607,5475,63030,13129,575428,13141.24,6570.62,121819.29,79859.32,878452.47
QTN-00952,2026-05-27,SPPS Construction,Project 55,Painting,Nos,439,109,401,359,1186,3939,2119,22406,5481,15391,246791,5801.38,2900.69,53778.79,35254.99,387804.85
QTN-00953,2026-06-21,SPPS Construction,Project 84,Painting,Nos,107,435,319,108,2423,7285,4691,8756,56352,8989,478926,11060.46,5530.23,102530.46,67214.42,739358.57
QTN-00954,2026-10-23,Skyline,Project 91,Plastering,Nos,452,372,440,168,3602,1233,558,42949,3883,16186,503332,11327,5663.5,105001.29,68834.18,757175.97
QTN-00955,2026-10-08,SPPS Construction,Project 41,Plastering,Nos,419,70,100,350,4382,7228,258,42963,79027,5023,468232,11904.9,5952.45,110358.42,72346.08,795806.85
QTN-00956,2026-08-02,ABC Builders,Project 15,PCC,Nos,176,58,437,600,3289,661,1610,10634,12423,12256,386633,8438.92,4219.46,78228.79,51283.32,564116.49
QTN-00957,2026-02-22,SPPS Construction,Project 3,Brickwork,Nos,68,581,162,183,2467,4682,4738,11403,84343,1199,523589,12410.68,6205.34,115047,75419.7,829616.73
QTN-00958,2026-12-03,Skyline,Project 3,Waterproofing,Nos,54,287,48,769,4048,1716,2091,43351,26218,18031,544689,12645.78,6322.89,117226.38,76848.41,845332.46
QTN-00959,2026-04-19,SPPS Construction,Project 32,Painting,Nos,407,343,86,442,2117,6836,3359,33824,92781,2425,431092,11202.44,5601.22,103846.62,68077.23,748849.51
QTN-00960,2026-01-10,Skyline,Project 64,RCC,Nos,419,548,201,343,3145,6284,406,19171,85104,17358,590393,14240.52,7120.26,132009.62,86539.64,951936.04
QTN-00961,2026-05-14,SPPS Construction,Project 61,PCC,Nos,66,286,26,514,2643,1478,807,14619,20730,13993,403316,9053.16,4526.58,83922.79,55016.05,605176.59
QTN-00962,2026-06-02,ABC Builders,Project 63,Painting,Nos,397,0,244,880,1618,1406,3250,46607,89478,9071,260968,8122.48,4061.24,75295.39,49360.31,542963.42
QTN-00963,2026-10-19,ABC Builders,Project 15,RCC,Nos,124,230,117,149,29,4631,3885,21300,38966,6102,173848,4804.32,2402.16,44536.05,29195.85,321154.38
QTN-00964,2026-08-18,Skyline,Project 28,Brickwork,Nos,477,598,34,472,4816,349,4114,46461,9669,660,696566,15067.12,7533.56,139672.2,91562.89,1007191.77
QTN-00965,2026-07-01,ABC Builders,Project 58,Flooring,Nos,166,151,743,607,2794,2432,2195,40725,39933,19119,431431,10624.16,5312.08,98485.96,64563.02,710193.22
QTN-00966,2026-12-07,Green Homes,Project 100,Plastering,Nos,93,534,736,304,3101,878,559,9454,25151,5074,575818,12309.94,6154.97,114113.14,74807.51,822882.56
QTN-00967,2026-11-14,ABC Builders,Project 4,RCC,Nos,379,387,735,132,2748,3561,2976,15498,52859,1679,486354,11127.8,5563.9,103154.71,67623.64,743860.05
QTN-00968,2026-04-19,Skyline,Project 24,Flooring,Nos,339,257,429,651,2490,425,1315,20834,29720,4304,419555,9488.26,4744.13,87956.17,57660.16,634261.72
QTN-00969,2026-05-06,SPPS Construction,Project 37,Brickwork,Nos,98,245,464,712,413,8760,2588,47877,59546,11800,336453,9113.52,4556.76,84482.33,55382.86,609211.47
QTN-00970,2026-11-04,SPPS Construction,Project 95,Brickwork,Nos,212,369,54,175,2767,8274,832,3542,80940,18330,465919,11374.62,5687.31,105442.73,69123.57,760359.22
QTN-00971,2026-04-09,XYZ Infra,Project 6,Waterproofing,Nos,365,411,182,560,647,5553,996,38821,68290,17052,360655,9696.36,4848.18,89885.26,58924.78,648172.58
QTN-00972,2026-02-22,XYZ Infra,Project 39,Earthwork,Nos,415,449,334,629,4268,2389,1624,24720,62560,1775,645086,14682.82,7341.41,136109.74,89227.5,981502.47
QTN-00973,2026-01-11,Green Homes,Project 55,Plastering,Nos,456,327,693,254,699,4020,2866,39638,33404,10077,320521,8072.8,4036.4,74834.86,49058.41,539642.46
QTN-00974,2026-05-28,ABC Builders,Project 35,Waterproofing,Nos,373,557,305,722,2277,5809,3233,17864,84487,17622,582170,14042.86,7021.43,130177.31,85338.46,938723.06
QTN-00975,2026-02-26,SPPS Construction,Project 25,Waterproofing,Nos,479,497,294,212,2653,1236,4704,9045,26207,14819,486177,10724.96,5362.48,99420.38,65175.58,716931.4
QTN-00976,2026-09-06,XYZ Infra,Project 4,Painting,Nos,422,199,281,668,2890,1398,2747,48106,62148,15389,422871,10970.28,5485.14,101694.5,66666.39,733330.31
QTN-00977,2026-06-11,XYZ Infra,Project 57,RCC,Nos,110,86,217,462,3619,4764,3970,18768,36771,15887,425007,9928.66,4964.33,92038.68,60336.47,663701.14
QTN-00978,2026-09-17,XYZ Infra,Project 51,Earthwork,Nos,118,531,630,326,2817,5776,2567,9358,64726,12755,588520,13507.18,6753.59,125211.56,82083.13,902914.46
QTN-00979,2026-01-06,XYZ Infra,Project 8,Brickwork,Nos,419,280,487,726,85,9039,1753,31309,9777,11711,332520,7706.34,3853.17,71437.77,46831.43,515145.71
QTN-00980,2026-05-11,Green Homes,Project 35,Earthwork,Nos,407,332,551,325,4572,4345,253,21100,50933,4351,610393,13735.54,6867.77,127328.46,83470.88,918179.64
QTN-00981,2026-06-11,ABC Builders,Project 80,Plastering,Nos,347,100,521,173,4367,3522,2827,41604,95393,17641,465968,12412.12,6206.06,115060.35,75428.45,829712.99
QTN-00982,2026-05-16,ABC Builders,Project 62,RCC,Nos,212,31,411,297,2479,6330,480,33525,9237,2230,319515,7290.14,3645.07,67579.6,44302.18,487323.99
QTN-00983,2026-01-07,SPPS Construction,Project 52,Brickwork,Nos,31,288,97,764,2796,2699,3388,44464,30949,19445,463720,11171.56,5585.78,103560.36,67889.57,746785.27
QTN-00984,2026-01-04,Skyline,Project 67,Painting,Nos,138,464,364,837,4490,1147,4872,27062,6503,10610,689158,14666.66,7333.33,135959.94,89129.29,980422.22
QTN-00985,2026-12-04,Skyline,Project 73,Waterproofing,Nos,17,78,649,853,572,3834,724,45022,20389,18394,263676,6949.62,3474.81,64422.98,42232.84,464561.25
QTN-00986,2026-03-28,Skyline,Project 14,Flooring,Nos,257,412,737,262,2278,9441,2821,841,70231,2243,524999,11966.28,5983.14,110927.42,72719.08,799909.92
QTN-00987,2026-04-04,Green Homes,Project 99,Painting,Nos,127,24,397,717,808,2460,1320,21669,43516,9192,210200,5691.54,2845.77,52760.58,34587.49,380462.37
QTN-00988,2026-05-12,Green Homes,Project 3,PCC,Nos,17,482,94,482,70,5971,3731,34050,12310,13074,339009,7968.86,3984.43,73871.33,48426.76,532694.38
QTN-00989,2026-12-19,XYZ Infra,Project 98,Earthwork,Nos,247,19,78,278,3475,9539,4464,6351,72688,13089,389551,9633.58,4816.79,89303.29,58543.27,643975.92
QTN-00990,2026-01-22,SPPS Construction,Project 35,Painting,Nos,20,524,19,101,826,2110,1794,12043,54695,4667,330064,8029.38,4014.69,74432.35,48794.54,536739.96
QTN-00991,2026-05-07,SPPS Construction,Project 1,Earthwork,Nos,31,201,693,23,3349,2566,4510,44497,31143,9429,424863,10198.64,5099.32,94541.39,61977.14,681748.49
QTN-00992,2026-12-25,ABC Builders,Project 27,Painting,Nos,377,50,104,522,3250,2136,614,32978,7436,6187,354912,8030.26,4015.13,74440.51,48799.89,536798.79
QTN-00993,2026-02-13,ABC Builders,Project 27,RCC,Nos,395,142,418,770,2676,4764,4497,23013,49051,16394,433049,10430.14,5215.07,96687.4,63383.96,697223.57
QTN-00994,2026-07-24,XYZ Infra,Project 65,Flooring,Nos,208,67,164,250,4782,3509,565,9640,76909,17879,460557,11299.7,5649.85,104748.22,68668.28,755351.05
QTN-00995,2026-02-20,ABC Builders,Project 29,Brickwork,Nos,23,395,677,786,2632,9054,1500,42649,34652,1695,597562,13531.16,6765.58,125433.85,82228.86,904517.45
QTN-00996,2026-10-20,SPPS Construction,Project 90,Plastering,Nos,441,165,706,736,2301,7617,751,31834,51922,10153,453312,10944.42,5472.21,101454.77,66509.24,731601.64
QTN-00997,2026-06-04,ABC Builders,Project 97,Waterproofing,Nos,41,383,556,15,1525,6292,3534,8402,76484,5741,386875,9550.04,4775.02,88528.87,58035.59,638391.52
QTN-00998,2026-09-12,XYZ Infra,Project 92,Painting,Nos,63,35,241,756,2186,2154,3537,28476,80588,7655,310469,8543.76,4271.88,79200.66,51920.43,571124.72
QTN-00999,2026-01-27,SPPS Construction,Project 58,PCC,Nos,150,289,677,690,739,7569,722,2373,48842,19529,383709,9089.06,4544.53,84255.59,55234.22,607576.39
QTN-01000,2026-09-28,Green Homes,Project 17,Flooring,Nos,407,234,288,378,1575,7148,335,42958,18913,7175,349344,8367.8,4183.9,77569.51,50851.12,559362.33
